302,7:01:02,-0.91731013,51.64921059,-0.917314076,51.64917311,26.82,26.74653059,4.177647347
303,7:01:02,-0.917282287,51.64926069,-0.91731013,51.64921059,26.82,26.7023904,5.894433162
304,7:01:03,-0.917274332,51.64929326,-0.917282287,51.64926069,26.82,26.62680002,3.664003991
305,7:01:03,-0.91726637,51.64932586,-0.917274332,51.64929326,26.82,26.76232968,3.667375435
306,7:01:03,-0.917238467,51.64937108,-0.91726637,51.64932586,26.82,26.97100268,5.385685169
307,7:01:03,-0.917218514,51.64941632,-0.917238467,51.64937108,26.82,26.71754103,5.216891803
308,7:01:03,-0.917194539,51.6494742,-0.917218514,51.64941632,26.82,26.90043499,6.647001427
309,7:01:04,-0.917178525,51.64952207,-0.917194539,51.6494742,26.82,27.06527251,5.437891804
310,7:01:04,-0.917162462,51.6495902,-0.917178525,51.64952207,26.82,26.96778304,7.658502689
311,7:01:04,-0.917138385,51.64965339,-0.917162462,51.6495902,26.82,26.71259637,7.222134504
312,7:01:04,-0.917090264,51.64972677,-0.917138385,51.64965339,26.82,26.92401755,8.811550384
313,7:01:05,-0.917083741,51.64979652,-0.917090264,51.64972677,26.82,26.85152055,7.771084503
314,7:01:05,-0.917066716,51.64986152,-0.917083741,51.64979652,26.82,27.0095464,7.32455931
315,7:01:05,-0.91705301,51.64990059,-0.917066716,51.64986152,26.82,26.65913737,4.447362048
316,7:01:05,-0.917028904,51.64995059,-0.91705301,51.64990059,26.82,26.66913425,5.804808595
317,7:01:06,-0.917018673,51.64999405,-0.917028904,51.64995059,26.82,26.79328232,4.885188355
318,7:01:06,-0.916980642,51.65005508,-0.917018673,51.64999405,26.82,26.70034199,7.27786598
319,7:01:06,-0.916959987,51.65011392,-0.916980642,51.65005508,26.82,26.94445776,6.697991004
320,7:01:06,-0.916935876,51.65017283,-0.916959987,51.65011392,26.82,26.96594323,6.760316415
321,7:01:07,-0.916908693,51.65025352,-0.916935876,51.65017283,26.82,27.02788752,9.168811162
322,7:01:07,-0.916881155,51.65029502,-0.916908693,51.65025352,26.82,26.73635762,4.991805199
323,7:01:07,-0.916877985,51.65033209,-0.916881155,51.65029502,26.82,26.72548609,4.128958703
324,7:01:07,-0.916878208,51.65035826,-0.916877985,51.65033209,26.82,26.58398694,2.910833099
325,7:01:07,-0.916843698,51.650402,-0.916878208,51.65035826,26.82,26.93251307,5.416689371
326,7:01:08,-0.916840573,51.65044566,-0.916843698,51.650402,26.82,26.58786066,4.860926851
327,7:01:08,-0.916827033,51.65049592,-0.916840573,51.65044566,26.82,26.8915492,5.667789838
328,7:01:08,-0.916820198,51.65051341,-0.916827033,51.65049592,26.82,26.70929954,2.001717141
329,7:01:08,-0.916799583,51.65055278,-0.916820198,51.65051341,26.82,26.71579153,4.604284222
330,7:01:08,-0.91679278,51.65057465,-0.916799583,51.65055278,26.82,27.04958124,2.47741064
331,7:01:08,-0.916782539,51.65060309,-0.91679278,51.65057465,26.82,26.64022479,3.241265088
332,7:01:08,-0.916775974,51.65064095,-0.916782539,51.65060309,26.82,26.61380415,4.23532958
333,7:01:09,-0.916764385,51.65069125,-0.916775974,51.65064095,26.82,26.70461751,5.651557916
334,7:01:09,-0.916744436,51.65071652,-0.916764385,51.65069125,26.82,26.95010693,3.129738759
335,7:01:09,-0.916736961,51.65077436,-0.916744436,51.65071652,26.82,26.85039452,6.453978255
336,7:01:09,-0.91672114,51.65082717,-0.916736961,51.65077436,26.82,26.64253458,5.974471619
337,7:01:09,-0.916665714,51.65089314,-0.91672114,51.65082717,26.82,26.8724919,8.274710578
338,7:01:10,-0.916581758,51.65096164,-0.916665714,51.65089314,26.82,26.58944573,9.571718979
339,7:01:10,-0.916542554,51.65103487,-0.916581758,51.65096164,26.82,26.91319039,8.582675913
340,7:01:10,-0.916530673,51.65105004,-0.916542554,51.65103487,26.82,26.87705261,1.875965379
341,7:01:11,-0.916475298,51.65112329,-0.916530673,51.65105004,26.82,26.57139476,8.999019276
342,7:01:11,-0.916459853,51.6511636,-0.916475298,51.65112329,26.82,26.83669006,4.608483859
343,7:01:11,-0.916455802,51.65116362,-0.916459853,51.6511636,26.82,26.61878233,0.279568795
344,7:01:11,-0.916416448,51.65122414,-0.916455802,51.65116362,26.82,27.02104951,7.258625927
345,7:01:11,-0.91638912,51.65127703,-0.916416448,51.65122414,26.82,26.64692929,6.177660813
346,7:01:11,-0.916337423,51.65132499,-0.91638912,51.65127703,26.82,26.6815256,6.417458366
347,7:01:12,-0.916258331,51.65141822,-0.916337423,51.65132499,26.82,27.05321751,11.71837421
348,7:01:12,-0.916258382,51.65142072,-0.916258331,51.65141822,26.82,26.96461432,0.278088036
349,7:01:12,-0.916239115,51.65146844,-0.916258382,51.65142072,26.82,26.92999241,5.471722361
350,7:01:12,-0.916235425,51.651486,-0.916239115,51.65146844,26.82,26.83311481,1.969664052
351,7:01:12,-0.916235527,51.65149101,-0.916235425,51.651486,26.82,26.92019304,0.557288247
352,7:01:12,-0.916199998,51.65153377,-0.916235527,51.65149101,26.82,26.71852573,5.350832806
353,7:01:13,-0.916184396,51.65157399,-0.916199998,51.65153377,26.82,26.77491475,4.601266436
354,7:01:13,-0.916138532,51.65164993,-0.916184396,51.65157399,26.82,27.00901078,9.020051322
355,7:01:14,-0.916124918,51.65179576,-0.916138532,51.65164993,26.82,27.00926792,16.24731768
356,7:01:14,-0.916126372,51.65189939,-0.916124918,51.65179576,26.82,26.7495186,11.52681877
357,7:01:14,-0.916148251,51.65197053,-0.916126372,51.65189939,26.82,26.63385941,8.055401802
358,7:01:15,-0.91614916,51.6520353,-0.916148251,51.65197053,26.82,26.60748993,7.204400909
359,7:01:15,-0.916155198,51.65209357,-0.91614916,51.6520353,26.82,26.77128982,6.49453706
360,7:01:15,-0.916171676,51.65215178,-0.916155198,51.65209357,26.82,26.81149999,6.573582388
361,7:01:15,-0.916162099,51.65221337,-0.916171676,51.65215178,26.82,26.92671637,6.882234236
362,7:01:16,-0.916178713,51.6522813,-0.916162099,51.65221337,26.82,26.6955357,7.642094798
363,7:01:16,-0.916184842,51.65234604,-0.916178713,51.6522813,26.82,26.75295508,7.21320178
364,7:01:16,-0.916185887,51.65242053,-0.916184842,51.65234604,26.82,26.63371784,8.285561328
365,7:01:17,-0.916223563,51.6525013,-0.916185887,51.65242053,26.82,27.04041154,9.352405182
366,7:01:17,-0.916219297,51.65256934,-0.916223563,51.6525013,26.82,26.8568816,7.573561504
367,7:01:17,-0.916204955,51.65266334,-0.916219297,51.65256934,26.82,26.79440719,10.502012
368,7:01:18,-0.916169596,51.65274774,-0.916204955,51.65266334,26.82,27.04490706,9.699432006
369,7:01:18,-0.91615961,51.65278019,-0.916169596,51.65274774,26.82,26.7683812,3.674489599
370,7:01:18,-0.916139729,51.65285155,-0.91615961,51.65278019,26.82,26.95909196,8.054807326
371,7:01:18,-0.916124841,51.65290669,-0.916139729,51.65285155,26.82,26.871321,6.218475121
372,7:01:18,-0.916115167,51.65294547,-0.916124841,51.65290669,26.82,26.644164,4.3647109
373,7:01:19,-0.916090176,51.65300043,-0.916115167,51.65294547,26.82,26.90755314,6.351602805
374,7:01:19,-0.916077313,51.65304104,-0.916090176,51.65300043,26.82,27.0338242,4.603291642
375,7:01:19,-0.916062413,51.6530983,-0.916077313,51.65304104,26.82,26.73310798,6.451283311
376,7:01:19,-0.916059237,51.65314055,-0.916062413,51.6530983,26.82,26.98537353,4.704419384
377,7:01:19,-0.916024144,51.65318793,-0.916059237,51.65314055,26.82,26.7508638,5.799683721
378,7:01:20,-0.916013223,51.65324259,-0.916024144,51.65318793,26.82,26.84394061,6.126161139
379,7:01:20,-0.915986309,51.65329731,-0.916013223,51.65324259,26.82,26.87898442,6.363369666
380,7:01:20,-0.915971193,51.65333705,-0.915986309,51.65329731,26.82,26.68225999,4.54154729
381,7:01:20,-0.915964238,51.65338664,-0.915971193,51.65333705,26.82,26.97533362,5.53655386
382,7:01:21,-0.915945422,51.65343872,-0.915964238,51.65338664,26.82,26.86649606,5.936404562
383,7:01:21,-0.915922601,51.6534883,-0.915945422,51.65343872,26.82,26.99466677,5.735050997
384,7:01:21,-0.915915417,51.65352542,-0.915922601,51.6534883,26.82,26.84456386,4.158376337
385,7:01:21,-0.915885198,51.65359967,-0.915915417,51.65352542,26.82,26.73207305,8.517758045
386,7:01:21,-0.915882144,51.65364413,-0.915885198,51.65359967,26.82,26.81139378,4.949610161
387,7:01:22,-0.915852431,51.65367666,-0.915882144,51.65364413,26.82,26.69495353,4.15877234
388,7:01:22,-0.915860938,51.65373286,-0.915852431,51.65367666,26.82,26.96642492,6.278422719
389,7:01:22,-0.915820404,51.65377295,-0.915860938,51.65373286,26.82,26.95083965,5.263742454
390,7:01:22,-0.915821508,51.65385252,-0.915820404,51.65377295,26.82,26.94701736,8.850605016
391,7:01:22,-0.915810861,51.65389237,-0.915821508,51.65385252,26.82,26.86006699,4.492847925
392,7:01:23,-0.915796615,51.65394159,-0.915810861,51.65389237,26.82,26.98675717,5.562121643
393,7:01:23,-0.915786104,51.65399077,-0.915796615,51.65394159,26.82,26.5791742,5.517987846
394,7:01:23,-0.915786494,51.65401885,-0.915786104,51.65399077,26.82,26.80172989,3.123350607
395,7:01:23,-0.915772288,51.65407037,-0.915786494,51.65401885,26.82,26.96315933,5.813624111
396,7:01:23,-0.915758055,51.65411953,-0.915772288,51.65407037,26.82,26.89411269,5.5553939
397,7:01:24,-0.915762205,51.65414993,-0.915758055,51.65411953,26.82,26.60371576,3.393385025
398,7:01:24,-0.915740553,51.65420143,-0.915762205,51.65414993,26.82,26.9484667,5.919806927
399,7:01:24,-0.915740942,51.65422949,-0.915740553,51.65420143,26.82,26.83967234,3.121125567
400,7:01:24,-0.915719204,51.65427394,-0.915740942,51.65422949,26.82,26.97212388,5.166560394
401,7:01:24,-0.915712794,51.65431819,-0.915719204,51.65427394,26.82,26.84897021,4.941600124
402,7:01:24,-0.915720771,51.65433912,-0.915712794,51.65431819,26.82,26.57323876,2.392159963
403,7:01:25,-0.915721714,51.6543763,-0.915720771,51.65433912,26.82,26.96075367,4.135905974
404,7:01:25,-0.915730684,51.65443665,-0.915721714,51.6543763,26.82,27.01128507,6.740985775
405,7:01:25,-0.915731974,51.65448766,-0.915730684,51.65443665,26.82,26.98190667,5.674352114
406,7:01:25,-0.915730278,51.65456164,-0.915731974,51.65448766,26.82,26.94882555,8.229354306
407,7:01:25,-0.915718171,51.65459458,-0.915730278,51.65456164,26.82,26.65832603,3.757839037
408,7:01:26,-0.915729266,51.65463051,-0.915718171,51.65459458,26.82,26.60194109,4.069036675
409,7:01:26,-0.915728215,51.65467893,-0.915729266,51.65463051,26.82,26.8280779,5.38606601
410,7:01:26,-0.915728822,51.6546992,-0.915728215,51.65467893,26.82,27.0586311,2.254946265
411,7:01:26,-0.915737059,51.65472407,-0.915728822,51.6546992,26.82,26.74483109,2.823990399
412,7:01:26,-0.915738355,51.65476759,-0.915737059,51.65472407,26.82,26.89451985,4.841394862
413,7:01:26,-0.915724704,51.65481108,-0.915738355,51.65476759,26.82,26.80042257,4.928097308
414,7:01:27,-0.915730754,51.65484665,-0.915724704,51.65481108,26.82,26.81396309,3.978285164
415,7:01:27,-0.915750322,51.65491911,-0.915730754,51.65484665,26.82,27.06464007,8.171787942
416,7:01:27,-0.915741626,51.65496069,-0.915750322,51.65491911,26.82,26.7716944,4.663556029
417,7:01:27,-0.915742988,51.65501454,-0.915741626,51.65496069,26.82,26.73745915,5.990273875
418,7:01:27,-0.91574851,51.65503758,-0.915742988,51.65501454,26.82,26.97819016,2.59082775
419,7:01:28,-0.91574701,51.65507751,-0.91574851,51.65503758,26.82,26.88835412,4.442472354
420,7:01:28,-0.915774565,51.65515482,-0.91574701,51.65507751,26.82,26.63170407,8.806618541
421,7:01:28,-0.915800748,51.65520772,-0.915774565,51.65515482,26.82,26.88736192,6.155016103
422,7:01:28,-0.91577767,51.65529206,-0.915800748,51.65520772,26.82,26.82586838,9.515034101
423,7:01:29,-0.915799458,51.65537288,-0.91577767,51.65529206,26.82,26.81053782,9.114168545
424,7:01:29,-0.915846023,51.65544726,-0.915799458,51.65537288,26.82,26.93524753,8.875083099
425,7:01:30,-0.915847668,51.6555218,-0.915846023,51.65544726,26.82,26.98373763,8.291585827
426,7:01:30,-0.915854156,51.65559002,-0.915847668,51.6555218,26.82,26.98593552,7.60105438
427,7:01:30,-0.915855384,51.6556458,-0.915854156,51.65559002,26.82,26.7627956,6.204781953
428,7:01:30,-0.915851166,51.6556861,-0.915855384,51.6556458,26.82,27.03172766,4.491859694
429,7:01:31,-0.915847081,51.65573569,-0.915851166,51.6556861,26.82,26.90963775,5.52291042
430,7:01:31,-0.915858208,51.65580067,-0.915847081,51.65573569,26.82,26.79543715,7.268153631
431,7:01:31,-0.915884646,51.65588723,-0.915858208,51.65580067,17.88,26.4,9.799062428
432,7:01:32,-0.915881774,51.65600474,-0.915884646,51.65588723,17.88,26,13.0717055
433,7:01:32,-0.915887964,51.6560727,-0.915881774,51.65600474,17.88,25.6,7.57099775
434,7:01:33,-0.915899176,51.65614369,-0.915887964,51.6560727,17.88,25.2,7.933766898
435,7:01:33,-0.915910383,51.65621465,-0.915899176,51.65614369,17.88,24.8,7.930412251
436,7:01:33,-0.915911756,51.65629176,-0.915910383,51.65621465,17.88,24.4,8.577183669
437,7:01:34,-0.915934628,51.65635497,-0.915911756,51.65629176,17.88,24,7.205575681
438,7:01:34,-0.915950956,51.65645697,-0.915934628,51.65635497,17.88,23.6,11.40088987
439,7:01:35,-0.915952383,51.65655908,-0.915950956,51.65645697,17.88,23.2,11.35774489
440,7:01:35,-0.915953031,51.65660549,-0.915952383,51.65655908,17.88,22.8,5.162206489
441,7:01:35,-0.915968973,51.65667967,-0.915953031,51.65660549,17.88,22.4,8.323774344
442,7:01:36,-0.915969967,51.65675084,-0.915968973,51.65667967,17.88,22,7.916273298
443,7:01:36,-0.915956274,51.65683755,-0.915969967,51.65675084,17.88,21.6,9.690604
444,7:01:37,-0.915927508,51.65691193,-0.915956274,51.65683755,17.88,21.2,8.507793148
445,7:01:37,-0.915893568,51.65697084,-0.915927508,51.65691193,17.88,20.8,6.958282678
446,7:01:38,-0.915860373,51.65708231,-0.915893568,51.65697084,17.88,20.4,12.60819551
447,7:01:38,-0.915850964,51.65711945,-0.915860373,51.65708231,17.88,20,4.181651283
448,7:01:39,-0.915782406,51.65718459,-0.915850964,51.65711945,17.88,19.6,8.652883673
449,7:01:39,-0.915783096,51.65723407,-0.915782406,51.65718459,17.88,19.2,5.503683535
450,7:01:39,-0.915768734,51.6572712,-0.915783096,51.65723407,17.88,18.8,4.24706717
451,7:01:40,-0.915719967,51.65733005,-0.915768734,51.6572712,17.88,18.4,7.359940763
452,7:01:40,-0.915675961,51.65737341,-0.915719967,51.65733005,17.88,18,5.699046313
453,7:01:41,-0.915616161,51.65745772,-0.915675961,51.65737341,17.88,17.82111938,10.24515165
454,7:01:41,-0.915584963,51.65751536,-0.915616161,51.65745772,17.88,17.75360891,6.762841084
455,7:01:41,-0.915542807,51.65755094,-0.915584963,51.65751536,17.88,18.07435056,4.911443382
456,7:01:41,-0.915522045,51.6575908,-0.915542807,51.65755094,17.88,17.96514769,4.659189883
457,7:01:42,-0.915465998,51.65764629,-0.915522045,51.6575908,17.88,18.03743526,7.283448905
458,7:01:42,-0.915409928,51.65769732,-0.915465998,51.65764629,17.88,17.64892486,6.869026638
459,7:01:43,-0.91535389,51.65774166,-0.915409928,51.65769732,17.88,18.11237499,6.266834834
460,7:01:43,-0.91532261,51.65777703,-0.91535389,51.65774166,17.88,17.81140806,4.487236969
461,7:01:43,-0.915280787,51.65781904,-0.91532261,51.65777703,17.88,17.75919727,5.491913933
462,7:01:43,-0.915235271,51.65785668,-0.915280787,51.65781904,17.88,17.87295065,5.233607456
463,7:01:44,-0.915172019,51.65789441,-0.915235271,51.65785668,17.88,17.89463829,6.054668293
464,7:01:44,-0.915112593,51.65794527,-0.915172019,51.65789441,17.88,17.87742289,6.986734006
465,7:01:44,-0.915070743,51.65798504,-0.915112593,51.65794527,17.88,18.12952245,5.282570481
466,7:01:45,-0.915018181,51.65802045,-0.915070743,51.65798504,17.88,18.12015031,5.354004987
467,7:01:45,-0.914990306,51.65804694,-0.915018181,51.65802045,17.88,17.95175318,3.518595909
468,7:01:45,-0.914958936,51.65807563,-0.914990306,51.65804694,17.88,17.64998791,3.855923414
469,7:01:45,-0.914920615,51.65811092,-0.914958936,51.65807563,17.88,18.02643075,4.732699364
470,7:01:46,-0.914875015,51.65813527,-0.914920615,51.65811092,17.88,17.68687541,4.151494856
471,7:01:46,-0.914847254,51.65816612,-0.914875015,51.65813527,17.88,17.91739755,3.929777898
472,7:01:46,-0.914794882,51.65819918,-0.914847254,51.65816612,17.88,17.89666439,5.155555054
473,7:01:46,-0.914761874,51.65822492,-0.914794882,51.65819918,17.88,18.03223396,3.65837648
474,7:01:47,-0.91472783,51.65826,-0.914761874,51.65822492,17.88,17.84397039,4.554344392
475,7:01:47,-0.914680743,51.65828711,-0.91472783,51.65826,17.88,17.76472891,4.43261855
476,7:01:47,-0.914638066,51.65831954,-0.914680743,51.65828711,17.88,17.97783177,4.656403146
477,7:01:47,-0.914604054,51.65835456,-0.914638066,51.65831954,17.88,18.05875623,4.547485891
478,7:01:48,-0.914570051,51.65839223,-0.914604054,51.65835456,17.88,17.88316917,4.802058729
479,7:01:48,-0.914514655,51.65844341,-0.914570051,51.65839223,17.88,18.02600309,6.856750653
480,7:01:48,-0.914476224,51.65847307,-0.914514655,51.65844341,17.88,17.85173401,4.232580045
481,7:01:49,-0.914407655,51.65850825,-0.914476224,51.65847307,17.88,17.71564437,6.139646657
482,7:01:49,-0.914382209,51.65854051,-0.914407655,51.65850825,17.88,17.80765568,3.994689062
483,7:01:49,-0.914318031,51.65858102,-0.914382209,51.65854051,17.88,17.97898954,6.317519849
484,7:01:50,-0.914271191,51.6586268,-0.914318031,51.65858102,17.88,17.68717892,6.031007505
485,7:01:50,-0.914232684,51.6586511,-0.914271191,51.6586268,17.88,17.98320628,3.790042427
486,7:01:50,-0.91419883,51.65869948,-0.914232684,51.6586511,17.88,17.88842808,5.866249713
487,7:01:51,-0.914177999,51.65875315,-0.91419883,51.65869948,17.88,17.91226856,6.140112235
488,7:01:51,-0.914109729,51.65880974,-0.914177999,51.65875315,17.88,18.02467986,7.861758457
489,7:01:51,-0.914071447,51.65885011,-0.914109729,51.65880974,17.88,17.93397132,5.209504142
490,7:01:52,-0.91404311,51.65888415,-0.914071447,51.65885011,17.88,17.81357755,4.261187248
491,7:01:52,-0.914023999,51.65891455,-0.91404311,51.65888415,17.88,18.1248058,3.629301543
492,7:01:52,-0.91401457,51.65893884,-0.914023999,51.65891455,17.88,17.64208303,2.778915813
493,7:01:52,-0.913979347,51.65898145,-0.91401457,51.65893884,17.88,17.81739492,5.326156665
494,7:01:52,-0.913960292,51.65901589,-0.913979347,51.65898145,17.88,17.74977753,4.049981626
495,7:01:53,-0.913918562,51.65906056,-0.913960292,51.65901589,17.88,17.67553247,5.742482353
496,7:01:53,-0.913886357,51.6590951,-0.913918562,51.65906056,17.88,18.07850572,4.43810141
497,7:01:53,-0.913863979,51.65913162,-0.913886357,51.6590951,17.88,17.95898298,4.345546086
498,7:01:53,-0.913834938,51.6591601,-0.913863979,51.65913162,17.88,18.12267079,3.748276321
499,7:01:54,-0.913805998,51.65919669,-0.913834938,51.6591601,17.88,17.92530185,4.533237227
500,7:01:54,-0.913790058,51.65922712,-0.913805998,51.65919669,17.88,17.65933523,3.558826415
501,7:01:54,-0.913767849,51.65927783,-0.913790058,51.65922712,17.88,17.90830153,5.844740325
502,7:01:54,-0.913742131,51.65931241,-0.913767849,51.65927783,17.88,17.83904003,4.235810394
503,7:01:55,-0.913710219,51.65937334,-0.913742131,51.65931241,17.88,17.79351677,7.125737928
504,7:01:55,-0.913678038,51.65941609,-0.913710219,51.65937334,17.88,17.6664793,5.247812158
505,7:01:55,-0.91365554,51.65944866,-0.913678038,51.65941609,17.88,17.87986464,3.94121562
506,7:01:56,-0.913636173,51.65947109,-0.91365554,51.65944866,17.88,17.81736943,2.830138805
507,7:01:56,-0.913606669,51.65952192,-0.913636173,51.65947109,17.88,17.63712218,6.00896342
508,7:01:56,-0.913597245,51.65954819,-0.913606669,51.65952192,17.88,17.64833993,2.993390731
509,7:01:56,-0.913587934,51.65958255,-0.913597245,51.65954819,17.88,17.66594356,3.875356296
510,7:01:56,-0.913578622,51.6596169,-0.913587934,51.65958255,17.88,17.88018707,3.874270789
511,7:01:57,-0.913540001,51.65965746,-0.913578622,51.6596169,17.88,17.78505717,5.239563363
512,7:01:57,-0.913511192,51.65970001,-0.913540001,51.65965746,17.88,17.87562152,5.133162616
513,7:01:57,-0.913492008,51.6597304,-0.913511192,51.65970001,17.88,18.10949873,3.630090219
514,7:01:57,-0.913476061,51.65975877,-0.913492008,51.6597304,17.88,17.94404237,3.341821343
515,7:01:57,-0.91344371,51.65979735,-0.913476061,51.65975877,17.88,17.78833829,4.836941144
516,7:01:58,-0.913414468,51.65983799,-0.91344371,51.65979735,17.88,17.73983386,4.950079409
517,7:01:58,-0.913385164,51.65987463,-0.913414468,51.65983799,17.88,17.99278438,4.549323673
518,7:01:58,-0.913349258,51.65991137,-0.913385164,51.65987463,17.88,17.9456716,4.778767554
519,7:01:58,-0.913329776,51.65996228,-0.913349258,51.65991137,26.82,19.1,5.819889956
520,7:01:58,-0.913313463,51.65999087,-0.913329776,51.65996228,26.82,19.5,3.373276316
521,7:01:59,-0.913316932,51.66003766,-0.913313463,51.65999087,26.82,19.9,5.209779871
522,7:01:59,-0.913320324,51.66006413,-0.913316932,51.66003766,26.82,20.3,2.953447639
523,7:01:59,-0.91331062,51.66010704,-0.913320324,51.66006413,26.82,20.7,4.819455405
524,7:01:59,-0.913307513,51.66015607,-0.91331062,51.66010704,26.82,21.1,5.457637573
525,7:01:59,-0.913327404,51.66018862,-0.913307513,51.66015607,26.82,21.5,3.871810346
526,7:02:00,-0.913330831,51.66022133,-0.913327404,51.66018862,26.82,21.9,3.645887915
527,7:02:00,-0.913360585,51.66024359,-0.913330831,51.66022133,26.82,22.3,3.216291719
528,7:02:00,-0.913395407,51.66026938,-0.913360585,51.66024359,26.82,22.7,3.741773951
529,7:02:00,-0.913430515,51.66028901,-0.913395407,51.66026938,26.82,23.1,3.261096
530,7:02:00,-0.91346561,51.66030144,-0.913430515,51.66028901,26.82,23.5,2.788316432
531,7:02:00,-0.913512409,51.66032281,-0.91346561,51.66030144,26.82,23.9,4.009465652
532,7:02:00,-0.913556285,51.6603442,-0.913512409,51.66032281,26.82,24.3,3.850279994
533,7:02:00,-0.91359141,51.66036744,-0.913556285,51.6603442,26.82,24.7,3.543303649
534,7:02:01,-0.913632361,51.66038704,-0.91359141,51.66036744,26.82,25.1,3.568721136
535,7:02:01,-0.913693752,51.66041012,-0.913632361,51.66038704,26.82,25.5,4.952926457
536,7:02:01,-0.913743489,51.66043689,-0.913693752,51.66041012,26.82,25.9,4.543338714
537,7:02:01,-0.913816551,51.66046349,-0.913743489,51.66043689,26.82,26.3,5.845078658
538,7:02:01,-0.913869335,51.66049561,-0.913816551,51.66046349,26.82,26.7,5.101635776
539,7:02:01,-0.913898633,51.66051164,-0.913869335,51.66049561,26.82,26.74920167,2.695396775
540,7:02:02,-0.913942433,51.6605276,-0.913898633,51.66051164,26.82,26.95932979,3.504829882
541,7:02:02,-0.913968709,51.66054008,-0.913942433,51.6605276,26.82,26.59872717,2.283323409
542,7:02:02,-0.913997938,51.66055617,-0.913968709,51.66054008,26.82,26.74928775,2.696251729
543,7:02:02,-0.914047502,51.66057214,-0.913997938,51.66055617,26.82,26.7701409,3.853515927
544,7:02:02,-0.914073775,51.66058283,-0.914047502,51.66057214,26.82,26.91005023,2.167883382
545,7:02:02,-0.914123404,51.66060243,-0.914073775,51.66058283,26.82,26.70902441,4.059265112
546,7:02:02,-0.914184645,51.66062016,-0.914123404,51.66060243,26.82,26.65350616,4.662904458
547,7:02:03,-0.914255151,51.6606496,-0.914184645,51.66062016,26.82,26.80450266,5.86402555
548,7:02:03,-0.914315347,51.66068636,-0.914255151,51.6606496,26.82,26.63835697,5.828110808
549,7:02:03,-0.914366796,51.66070198,-0.914315347,51.66068636,26.82,26.99790758,3.952108129
550,7:02:03,-0.914431191,51.66072814,-0.914366796,51.66070198,26.82,26.73645531,5.310952421
551,7:02:03,-0.914482777,51.66075437,-0.914431191,51.66072814,26.82,26.73698977,4.602122865
552,7:02:04,-0.914607187,51.66079083,-0.914482777,51.66075437,26.82,26.69974419,9.493467369
553,7:02:04,-0.914680491,51.66083022,-0.914607187,51.66079083,26.82,26.83629022,6.691388097
554,7:02:04,-0.914745087,51.66085904,-0.914680491,51.66083022,26.82,26.75929544,5.489880439
555,7:02:04,-0.914809491,51.66087458,-0.914745087,51.66085904,26.82,26.65929822,4.767905813
556,7:02:05,-0.914869809,51.66090871,-0.914809491,51.66087458,26.82,26.66111045,5.632955103
557,7:02:05,-0.914938449,51.66092958,-0.914869809,51.66090871,26.82,26.64550201,5.274137568
558,7:02:05,-0.915028494,51.66095034,-0.914938449,51.66092958,26.82,26.8146101,6.627901434
559,7:02:05,-0.915080356,51.66098992,-0.915028494,51.66095034,26.82,26.94267564,5.673119693
560,7:02:05,-0.915166209,51.66101073,-0.915080356,51.66098992,26.82,26.69966153,6.359606263
561,7:02:06,-0.915273662,51.66104207,-0.915166209,51.66101073,26.82,26.69382899,8.192338644
562,7:02:06,-0.9153426,51.66107358,-0.915273662,51.66104207,26.82,26.62289989,5.90816062
563,7:02:06,-0.915389871,51.66108923,-0.9153426,51.66107358,26.82,26.7249647,3.696910637
564,7:02:06,-0.915467168,51.66111265,-0.915389871,51.66108923,26.82,27.04050153,5.935285579
565,7:02:07,-0.915548758,51.6611387,-0.915467168,51.66111265,26.82,26.70484044,6.331206447
566,7:02:07,-0.915613172,51.66116218,-0.915548758,51.6611387,26.82,26.58863264,5.15477151
567,7:02:07,-0.915681754,51.66118294,-0.915613172,51.66116218,26.82,26.78648202,5.265143663
568,7:02:07,-0.91577614,51.66121944,-0.915681754,51.66118294,26.82,26.93395171,7.673961927
569,7:02:07,-0.915853158,51.66124012,-0.91577614,51.66121944,26.82,27.01854255,5.790305004
570,7:02:08,-0.915974976,51.66128288,-0.915853158,51.66124012,26.82,26.81237593,9.657150472
571,7:02:08,-0.916113153,51.66132888,-0.915974976,51.66128288,26.82,26.93425715,10.81964942
572,7:02:09,-0.916258084,51.66137056,-0.916113153,51.66132888,26.82,26.68517882,11.0218332
573,7:02:09,-0.91642349,51.66140782,-0.916258084,51.66137056,26.82,26.72078429,12.14131071
574,7:02:09,-0.91658209,51.66146211,-0.91642349,51.66140782,26.82,26.83365556,12.49807975
575,7:02:10,-0.916706051,51.66150387,-0.91658209,51.66146211,26.82,26.93146273,9.732495846
576,7:02:10,-0.916871046,51.66155826,-0.916706051,51.66150387,26.82,26.60755379,12.89134149
577,7:02:11,-0.917015471,51.66159561,-0.916871046,51.66155826,26.82,26.97618395,10.79580419
578,7:02:11,-0.917153109,51.66163713,-0.917015471,51.66159561,26.82,27.03191058,10.55960425
579,7:02:11,-0.917290447,51.66166588,-0.917153109,51.66163713,26.82,26.95664138,10.00055341
580,7:02:12,-0.91745532,51.66171579,-0.917290447,51.66166588,31.29,27.1,12.6575489
581,7:02:12,-0.917606308,51.66175316,-0.91745532,51.66171579,31.29,27.4,11.21589002
582,7:02:12,-0.91768885,51.66178665,-0.917606308,51.66175316,31.29,27.7,6.80494469
583,7:02:13,-0.917833001,51.66182405,-0.91768885,51.66178665,31.29,28,10.78045638
584,7:02:13,-0.917970427,51.6618658,-0.917833001,51.66182405,31.29,28.3,10.55763643
585,7:02:13,-0.918114745,51.66190755,-0.917970427,51.6618658,31.29,28.6,10.98665863
586,7:02:14,-0.918299263,51.66195148,-0.918114745,51.66190755,31.29,28.9,13.63606987
587,7:02:14,-0.918487691,51.6619717,-0.918299263,51.66195148,31.29,29.2,13.19343728
588,7:02:15,-0.918650876,51.66202922,-0.918487691,51.6619717,31.29,29.5,12.94951187
589,7:02:15,-0.918848472,51.66207056,-0.918650876,51.66202922,31.29,29.8,14.38738934
590,7:02:16,-0.919114652,51.6621061,-0.918848472,51.66207056,31.29,30.1,18.78530409
591,7:02:16,-0.919277886,51.66214754,-0.919114652,51.6621061,31.29,30.4,12.16877716
592,7:02:16,-0.919415081,51.6621679,-0.919277886,51.66214754,31.29,30.7,9.732667211
593,7:02:17,-0.919543671,51.66219904,-0.919415081,51.6621679,31.29,31,9.52398009
594,7:02:17,-0.919774607,51.6622137,-0.919543671,51.66219904,31.29,31.10922196,16.01625421
595,7:02:18,-0.919980379,51.66226034,-0.919774607,51.6622137,31.29,31.28380809,15.11497601
596,7:02:18,-0.920177418,51.66229112,-0.919980379,51.66226034,31.29,31.26660965,14.01880828
597,7:02:18,-0.92032316,51.66232213,-0.920177418,51.66229112,31.29,31.12045572,10.6303103
598,7:02:19,-0.9204854,51.66234728,-0.92032316,51.66232213,31.29,31.48597418,11.53768721
599,7:02:19,-0.920613218,51.6623621,-0.9204854,51.66234728,31.29,31.20976299,8.971291214
600,7:02:19,-0.920774943,51.66238718,-0.920613218,51.6623621,31.29,31.19050623,11.50131871
601,7:02:20,-0.920894527,51.66241288,-0.920774943,51.66238718,31.29,31.2558074,8.731619814
602,7:02:20,-0.921005097,51.66241739,-0.920894527,51.66241288,31.29,31.20286293,7.645028439
603,7:02:20,-0.921149677,51.66243745,-0.921005097,51.66241739,31.29,31.41026996,10.22149268
604,7:02:21,-0.921268592,51.66244715,-0.921149677,51.66243745,31.29,31.36201992,8.274930125
605,7:02:21,-0.921362051,51.66246754,-0.921268592,51.66244715,31.29,31.08522552,6.835217955
606,7:02:21,-0.921439409,51.6624729,-0.921362051,51.66246754,31.29,31.40274996,5.370345931
607,7:02:21,-0.921601024,51.66247769,-0.921439409,51.6624729,31.29,31.29786869,11.16300607
608,7:02:22,-0.921693372,51.66248576,-0.921601024,51.66247769,31.29,31.14905214,6.434270032
609,7:02:22,-0.921790484,51.66250524,-0.921693372,51.66248576,31.29,31.11778388,7.04166135
610,7:02:22,-0.921882773,51.66251045,-0.921790484,51.66250524,31.29,31.41049921,6.393595149
611,7:02:22,-0.921984397,51.66252419,-0.921882773,51.66251045,31.29,31.47636021,7.175949007
612,7:02:22,-0.922104352,51.66252926,-0.921984397,51.66252419,31.29,31.43851713,8.295222096
613,7:02:23,-0.922173574,51.6625346,-0.922104352,51.66252926,31.29,31.31169598,4.812611196
614,7:02:23,-0.922247458,51.66254278,-0.922173574,51.6625346,31.29,31.20547498,5.17802311
615,7:02:23,-0.922280903,51.66254509,-0.922247458,51.66254278,31.29,31.38951435,2.32172401
616,7:02:23,-0.9223789,51.66254824,-0.922280903,51.66254509,31.29,31.22868809,6.77015696
617,7:02:23,-0.922465155,51.66256065,-0.9223789,51.66254824,31.29,31.36287404,6.108955165
618,7:02:23,-0.922524671,51.66257138,-0.922465155,51.66256065,31.29,31.13248785,4.276095594
619,7:02:24,-0.922578096,51.66257108,-0.922524671,51.66257138,31.29,31.49181438,3.686088085
620,7:02:24,-0.922613712,51.66257089,-0.922578096,51.66257108,31.29,31.17590081,2.457336259
621,7:02:24,-0.922670156,51.66257426,-0.922613712,51.66257089,31.29,31.52443012,3.912223889
622,7:02:24,-0.922726626,51.66257948,-0.922670156,51.66257426,31.29,31.49524493,3.939043727
623,7:02:24,-0.922794969,51.66258463,-0.922726626,51.66257948,31.29,31.32061566,4.749835987
624,7:02:24,-0.922851335,51.66258248,-0.922794969,51.66258463,31.29,31.11571197,3.896189309
625,7:02:24,-0.922907779,51.66258586,-0.922851335,51.66258248,31.29,31.10632164,3.912329621
626,7:02:24,-0.922961255,51.66258925,-0.922907779,51.66258586,31.29,31.14018935,3.708671667
627,7:02:25,-0.923020668,51.6625926,-0.922961255,51.66258925,31.29,31.1755509,4.115964134
628,7:02:25,-0.923074118,51.66259415,-0.923020668,51.6625926,31.29,31.10619606,3.691687799
629,7:02:25,-0.923133504,51.66259567,-0.923074118,51.66259415,31.29,31.28630655,4.100687209
630,7:02:25,-0.923201873,51.66260266,-0.923133504,51.66259567,31.29,31.29170112,4.780605559
631,7:02:25,-0.923255323,51.66260421,-0.923201873,51.66260266,31.29,31.45653918,3.691686981
632,7:02:25,-0.92332955,51.66260565,-0.923255323,51.66260421,31.29,31.19663321,5.123624215
633,7:02:25,-0.923359204,51.66260364,-0.92332955,51.66260565,31.29,31.20513093,2.058087834
634,7:02:25,-0.923427494,51.66260511,-0.923359204,51.66260364,31.29,31.35971261,4.71434681
635,7:02:26,-0.923477868,51.6626085,-0.923427494,51.66260511,31.29,31.47938019,3.495831486
636,7:02:26,-0.923510356,51.66261015,-0.923477868,51.6626085,31.29,31.09257087,2.248934886
637,7:02:26,-0.923560634,51.66260985,-0.923510356,51.66261015,31.29,31.47097465,3.468974422
638,7:02:26,-0.923614025,51.66260956,-0.923560634,51.66260985,31.29,31.15022075,3.683729393
639,7:02:26,-0.923664465,51.66261113,-0.923614025,51.66260956,31.29,31.09956294,3.484369302
640,7:02:26,-0.92371626,51.66261158,-0.923664465,51.66261113,31.29,31.32113532,3.573826232
641,7:02:26,-0.923756416,51.66261062,-0.92371626,51.66261158,31.29,31.27620048,2.772526866
642,7:02:26,-0.923806842,51.66261035,-0.923756416,51.66261062,31.29,31.22686362,3.479154428
643,7:02:26,-0.923851913,51.66261248,-0.923806842,51.66261035,31.29,31.36468053,3.118580833
644,7:02:27,-0.923910389,51.66261052,-0.923851913,51.66261248,31.29,31.16558709,4.040301512
645,7:02:27,-0.923958312,51.66261355,-0.923910389,51.66261052,31.29,31.40676582,3.323467694
646,7:02:27,-0.92399025,51.66261503,-0.923958312,51.66261355,31.29,31.44709887,2.209628336
647,7:02:27,-0.924038143,51.66261642,-0.92399025,51.66261503,31.29,31.34713461,3.307880927
648,7:02:27,-0.92408335,51.66261617,-0.924038143,51.66261642,31.29,31.04176251,3.119075576
649,7:02:27,-0.924133905,51.66261754,-0.92408335,51.66261617,31.29,31.49999205,3.491251374
650,7:02:27,-0.924184502,51.66262056,-0.924133905,51.66261754,31.29,31.44814349,3.506945777
651,7:02:27,-0.924224352,51.6626187,-0.924184502,51.66262056,31.29,31.34521846,2.757130289
652,7:02:27,-0.924277471,51.66261676,-0.924224352,51.6626187,31.29,31.34722846,3.671168385
653,7:02:27,-0.924330635,51.66261812,-0.924277471,51.66261676,31.29,31.19412672,3.671044074
654,7:02:28,-0.924370472,51.66261625,-0.924330635,51.66261812,31.29,31.31721541,2.75631977
655,7:02:28,-0.924420959,51.66261597,-0.924370472,51.66261625,31.29,31.08162195,3.483372159
656,7:02:28,-0.924466149,51.66261737,-0.924420959,51.66261597,31.29,31.1403279,3.121664925
657,7:02:28,-0.924511322,51.66261713,-0.924466149,51.66261737,31.29,31.42749716,3.116720128
658,7:02:28,-0.924559151,51.66261687,-0.924511322,51.66261713,31.29,31.44599487,3.29997707
659,7:02:28,-0.924583052,51.66261509,-0.924559151,51.66261687,31.29,31.1412495,1.660836474
660,7:02:28,-0.924622925,51.66261652,-0.924583052,51.66261509,31.29,31.28178439,2.755538984
661,7:02:28,-0.924673425,51.66261789,-0.924622925,51.66261652,31.29,31.3418798,3.487460371
662,7:02:28,-0.924710615,51.66261604,-0.924673425,51.66261789,31.29,31.43964992,2.574074992
663,7:02:28,-0.924747817,51.66261583,-0.924710615,51.66261604,31.29,31.06573021,2.566771602
664,7:02:28,-0.924787677,51.66261562,-0.924747817,51.66261583,31.29,31.36337284,2.750147046
665,7:02:29,-0.924843482,51.66261531,-0.924787677,51.66261562,31.29,31.22560078,3.850290402
666,7:02:29,-0.924899286,51.662615,-0.924843482,51.66261531,31.29,31.47579583,3.850221439
667,7:02:29,-0.92494198,51.66261477,-0.924899286,51.662615,31.29,31.04280977,2.945684224
668,7:02:29,-0.924990009,51.66261396,-0.92494198,51.66261477,31.29,31.23550885,3.314873608
669,7:02:29,-0.925068797,51.66261347,-0.924990009,51.66261396,31.29,31.30717624,5.436067995
670,7:02:29,-0.925129009,51.66260735,-0.925068797,51.66261347,31.29,31.1794119,4.20958791
671,7:02:29,-0.925180091,51.66260991,-0.925129009,51.66260735,31.29,31.3520329,3.535767994
672,7:02:29,-0.925245055,51.66260663,-0.925180091,51.66260991,31.29,31.47018931,4.496863708
673,7:02:30,-0.925296155,51.66260632,-0.925245055,51.66260663,31.29,31.52148292,3.525694799
674,7:02:30,-0.925370529,51.66260586,-0.925296155,51.66260632,31.29,31.20026812,5.131517056
675,7:02:30,-0.92544027,51.66260255,-0.925370529,51.66260586,31.29,31.36551823,4.825683287
676,7:02:30,-0.925533376,51.66259908,-0.92544027,51.66260255,31.29,31.35380795,6.435218065
677,7:02:30,-0.925626751,51.66259266,-0.925533376,51.66259908,31.29,31.06941332,6.481647671
678,7:02:30,-0.925692261,51.66259221,-0.925626751,51.66259266,31.29,31.53091689,4.519989312
679,7:02:31,-0.92576254,51.66259173,-0.925692261,51.66259221,31.29,31.17262275,4.849032364
680,7:02:31,-0.925818862,51.66259423,-0.92576254,51.66259173,31.29,31.51729027,3.895743546
681,7:02:31,-0.925898647,51.66258789,-0.925818862,51.66259423,31.29,31.43746824,5.54956827
682,7:02:31,-0.925959759,51.66258457,-0.925898647,51.66258789,31.29,31.4317651,4.232422743
683,7:02:31,-0.926030395,51.66258408,-0.925959759,51.66258457,31.29,31.25737606,4.873674408
684,7:02:31,-0.926105789,51.66257775,-0.926030395,51.66258408,31.29,31.07601897,5.249069992
685,7:02:32,-0.926162393,51.66257155,-0.926105789,51.66257775,31.29,31.52439851,3.96568337
686,7:02:32,-0.926214384,51.66257118,-0.926162393,51.66257155,31.29,31.22636867,3.587237525
687,7:02:32,-0.926275662,51.66257078,-0.926214384,51.66257118,31.29,31.40301018,4.227971142
688,7:02:32,-0.926325228,51.66256952,-0.926275662,51.66257078,31.29,31.09694707,3.42256465
689,7:02:32,-0.926380562,51.66256304,-0.926325228,51.66256952,31.29,31.46314478,3.885085044
690,7:02:32,-0.926424251,51.66256646,-0.926380562,51.66256304,31.29,31.23940192,3.038132154
691,7:02:32,-0.926491847,51.66256482,-0.926424251,51.66256646,31.29,31.06674833,4.667199732
692,7:02:32,-0.926543638,51.66255957,-0.926491847,51.66256482,31.29,31.43621101,3.620603249
693,7:02:32,-0.92657959,51.66255812,-0.926543638,51.66255957,31.29,31.09273834,2.485665258
694,7:02:33,-0.926617583,51.66255417,-0.92657959,51.66255812,31.29,31.06959414,2.657805977
695,7:02:33,-0.926651643,51.66255148,-0.926617583,51.66255417,31.29,31.47912772,2.368864697
696,7:02:33,-0.926691786,51.66254875,-0.926651643,51.66255148,31.29,31.52901217,2.786172571
697,7:02:33,-0.926742061,51.66254347,-0.926691786,51.66254875,31.29,31.4789703,3.517976685
698,7:02:33,-0.9267945,51.66254313,-0.926742061,51.66254347,31.29,31.04351247,3.618110081
699,7:02:33,-0.926843013,51.66254281,-0.9267945,51.66254313,31.29,31.17103619,3.347236047
700,7:02:33,-0.926887565,51.66253879,-0.926843013,51.66254281,31.29,31.44854001,3.106117481
701,7:02:33,-0.92693831,51.66253597,-0.926887565,51.66253879,31.29,31.04857659,3.51506137
702,7:02:33,-0.926991003,51.66253064,-0.92693831,51.66253597,31.29,31.447128,3.683457606
703,7:02:33,-0.927027438,51.66252792,-0.926991003,51.66253064,31.29,31.07311537,2.531892704
704,7:02:34,-0.927059868,51.66252398,-0.927027438,51.66252792,31.29,31.3224491,2.279949595
705,7:02:34,-0.927088287,51.6625188,-0.927059868,51.66252398,31.29,31.10253763,2.043605282
706,7:02:34,-0.92713291,51.66251852,-0.927088287,51.6625188,31.29,31.37123829,3.078824057
707,7:02:34,-0.927179673,51.66251322,-0.92713291,51.66251852,31.29,31.30567367,3.279724778
708,7:02:34,-0.927220363,51.66251046,-0.927179673,51.66251322,31.29,31.39140041,2.82405295
709,7:02:34,-0.927265127,51.66251018,-0.927220363,51.66251046,31.29,31.24591455,3.088552117
710,7:02:34,-0.927309979,51.66250738,-0.927265127,51.66251018,31.29,31.28847018,3.110098757
711,7:02:34,-0.927356947,51.66250332,-0.927309979,51.66250738,31.29,31.19345164,3.271769589
712,7:02:34,-0.927401875,51.66250111,-0.927356947,51.66250332,31.29,31.12768664,3.109441694
713,7:02:34,-0.927444775,51.66249495,-0.927401875,51.66250111,31.29,31.29959889,3.0380606
714,7:02:35,-0.927509327,51.66249312,-0.927444775,51.66249495,31.29,31.10922219,4.458275704
715,7:02:35,-0.927545236,51.66249292,-0.927509327,51.66249312,31.29,31.4460191,2.47756439
716,7:02:35,-0.927593096,51.66248821,-0.927545236,51.66249292,31.29,31.31805326,3.343297624
717,7:02:35,-0.92764816,51.66247898,-0.927593096,51.66248821,31.29,31.12736059,3.935292327
718,7:02:35,-0.927686658,51.66247877,-0.92764816,51.66247898,31.29,31.41652057,2.656190559
719,7:02:35,-0.927737187,51.6624755,-0.927686658,51.66247877,31.29,31.19077566,3.505062951
720,7:02:35,-0.927794952,51.66246623,-0.927737187,51.6624755,31.29,31.27623728,4.116589577
721,7:02:35,-0.927850411,51.66246293,-0.927794952,51.66246623,31.29,31.43351135,3.84384199
722,7:02:35,-0.927893866,51.66245969,-0.927850411,51.66246293,31.29,31.30460734,3.019667674
723,7:02:36,-0.927937374,51.66245496,-0.927893866,51.66245969,31.29,31.50889763,3.047498378
724,7:02:36,-0.927988186,51.66245167,-0.927937374,51.66245496,31.29,31.30660525,3.524715203
725,7:02:36,-0.928029395,51.66244544,-0.927988186,51.66245167,31.29,31.50086405,2.926354522
726,7:02:36,-0.928073067,51.66244069,-0.928029395,51.66244544,31.29,31.45270734,3.059028307
727,7:02:36,-0.928126486,51.66243737,-0.928073067,51.66244069,31.29,31.50965398,3.703987185
728,7:02:36,-0.928175133,51.66243258,-0.928126486,51.66243737,31.29,31.20037601,3.398322639
729,7:02:36,-0.928231119,51.66242924,-0.928175133,51.66243258,31.29,31.39576403,3.880462916
730,7:02:36,-0.928267662,51.66242752,-0.928231119,51.66242924,31.29,31.4399879,2.52845744
731,7:02:36,-0.928316518,51.6624212,-0.928267662,51.66242752,31.29,31.44664786,3.443238799
732,7:02:36,-0.928368817,51.66241648,-0.928316518,51.6624212,31.29,31.12514664,3.646255212
733,7:02:37,-0.928412508,51.66240891,-0.928368817,51.66241648,31.29,31.1396448,3.129756517
734,7:02:37,-0.928467429,51.66240137,-0.928412508,51.66240891,31.29,31.21302811,3.880862289
735,7:02:37,-0.92850256,51.66239976,-0.928467429,51.66240137,31.29,31.50020945,2.430399195
736,7:02:37,-0.92853293,51.6623937,-0.92850256,51.66239976,31.29,31.15557599,2.201061998
737,7:02:37,-0.928579028,51.66239389,-0.92853293,51.6623937,31.29,31.16609584,3.180509922
738,7:02:37,-0.928621891,51.66238664,-0.928579028,51.66239389,31.29,31.33416602,3.065220891
739,7:02:37,-0.928644791,51.66238651,-0.928621891,51.66238664,31.29,31.44155748,1.580006313
740,7:02:37,-0.928681851,51.66238106,-0.928644791,51.66238651,31.29,31.30578791,2.627755905
741,7:02:37,-0.928724519,51.66237384,-0.928681851,51.66238106,31.29,31.1826964,3.051364148
742,7:02:37,-0.928769985,51.66236836,-0.928724519,51.66237384,31.29,31.29414958,3.195507093
743,7:02:38,-0.928818135,51.6623594,-0.928769985,51.66236836,31.29,31.45120913,3.46828119
744,7:02:38,-0.928880371,51.66235212,-0.928818135,51.6623594,31.29,31.04533684,4.369534052
745,7:02:38,-0.928925522,51.66234669,-0.928880371,51.66235212,31.29,31.15666794,3.173114254
746,7:02:38,-0.92896785,51.66234648,-0.928925522,51.66234669,31.29,31.3612863,2.92043252
747,7:02:38,-0.929026827,51.66233753,-0.92896785,51.66234648,31.29,31.434335,4.189006522
748,7:02:38,-0.929091468,51.66232518,-0.929026827,51.66233753,31.29,31.10580599,4.666536893
749,7:02:38,-0.929150325,51.66232327,-0.929091468,51.66232518,31.29,31.32712389,4.066281042
750,7:02:38,-0.92920041,51.66231452,-0.929150325,51.66232327,31.29,31.5168273,3.589958111
751,7:02:38,-0.929241977,51.66230754,-0.92920041,51.66231452,31.29,31.15015858,2.971064946
752,7:02:39,-0.929288969,51.66230391,-0.929241977,51.66230754,31.29,31.32508113,3.267169223
753,7:02:39,-0.929335879,51.66230028,-0.929288969,51.66230391,31.29,31.37134467,3.261555483
754,7:02:39,-0.929374443,51.6622967,-0.929335879,51.66230028,31.29,31.45504887,2.690283327
755,7:02:39,-0.929423964,51.66229307,-0.929374443,51.6622967,31.29,31.26859606,3.440383814
756,7:02:39,-0.92947873,51.6622809,-0.929423964,51.66229307,31.29,31.39632725,4.013627979
757,7:02:39,-0.929519901,51.66228073,-0.92947873,51.6622809,31.29,31.10044949,2.840581174
758,7:02:39,-0.929566353,51.66227373,-0.929519901,51.66228073,31.29,31.08773137,3.298089519
759,7:02:39,-0.929607139,51.66226167,-0.929566353,51.66227373,31.29,31.41031071,3.11731893
760,7:02:39,-0.929659004,51.66225977,-0.929607139,51.66226167,31.29,31.51706589,3.584567856
761,7:02:40,-0.929697111,51.66225624,-0.929659004,51.66225977,31.29,31.34948339,2.658280053
762,7:02:40,-0.929753817,51.66224762,-0.929697111,51.66225624,31.29,31.05663189,4.028097044
763,7:02:40,-0.929927028,51.66223264,-0.929753817,51.66224762,31.29,31.08756605,12.06598148
764,7:02:40,-0.930055368,51.6622168,-0.929927028,51.66223264,31.29,31.43222577,9.028172153
765,7:02:41,-0.930178063,51.66219308,-0.930055368,51.6622168,31.29,31.47889443,8.866737351
766,7:02:41,-0.930295467,51.66218082,-0.930178063,51.66219308,31.29,31.42448876,8.214072808
767,7:02:41,-0.930402853,51.6621587,-0.930295467,51.66218082,31.29,31.25516095,7.806746882
768,7:02:41,-0.930516673,51.66215114,-0.930402853,51.6621587,31.29,31.29204201,7.897717036
769,7:02:42,-0.930606595,51.66213882,-0.930516673,51.66215114,31.29,31.15147584,6.35355416
770,7:02:42,-0.930676902,51.66213382,-0.930606595,51.66213882,31.29,31.28751474,4.882494987
771,7:02:42,-0.93073543,51.66213127,-0.930676902,51.66213382,31.29,31.18272729,4.047994634
772,7:02:42,-0.930770324,51.66212154,-0.93073543,51.66213127,31.29,31.38718333,2.639521092
773,7:02:42,-0.930812965,51.66211181,-0.930770324,51.66212154,31.29,31.04680288,3.134691241
774,7:02:42,-0.930874733,51.66210223,-0.930812965,51.66211181,31.29,31.2987829,4.392780146
775,7:02:42,-0.930928601,51.66209267,-0.930874733,51.66210223,31.29,31.32722568,3.865659599
776,7:02:42,-0.931001603,51.66208558,-0.930928601,51.66209267,31.29,31.33353753,5.098023164
777,7:02:43,-0.931051359,51.66207846,-0.931001603,51.66208558,31.29,31.16847535,3.523002126
778,7:02:43,-0.931132061,51.66207847,-0.931051359,51.66207846,31.29,31.09623173,5.567912642
779,7:02:43,-0.931193443,51.66206878,-0.931132061,51.66207847,31.29,31.1690797,4.369953301
780,7:02:43,-0.93127009,51.66205907,-0.931193443,51.66206878,31.29,31.16305447,5.397304907
781,7:02:43,-0.931319807,51.66205181,-0.93127009,51.66205907,31.29,31.23062248,3.523917864
782,7:02:43,-0.931373411,51.66204935,-0.931319807,51.66205181,31.29,31.37339132,3.708437047
783,7:02:43,-0.93142312,51.66204689,-0.931373411,51.66204935,31.29,31.27149209,3.440497018
784,7:02:44,-0.931471261,51.66203848,-0.93142312,51.66204689,31.29,31.17738025,3.450625529
785,7:02:44,-0.931518477,51.66203556,-0.931471261,51.66203848,31.29,31.18866483,3.273749742
786,7:02:44,-0.93158114,51.66202012,-0.931518477,51.66203556,31.29,31.26624802,4.651939205
787,7:02:44,-0.931634832,51.66201587,-0.93158114,51.66202012,31.29,31.27151198,3.734442471
788,7:02:44,-0.931666053,51.66201168,-0.931634832,51.66201587,31.29,31.51560282,2.203886976
789,7:02:44,-0.931706083,51.66200472,-0.931666053,51.66201168,31.29,31.04529744,2.868257259
790,7:02:44,-0.93176384,51.66200189,-0.931706083,51.66200472,31.29,31.37998065,3.997276307
791,7:02:44,-0.931812806,51.66199882,-0.93176384,51.66200189,31.29,31.10553079,3.395553866
792,7:02:44,-0.931844087,51.66199856,-0.931812806,51.66199882,31.29,31.41005331,2.158382864
793,7:02:45,-0.931886487,51.66199129,-0.931844087,51.66199856,31.29,31.38033443,3.035030514
794,7:02:45,-0.931908867,51.66198971,-0.931886487,51.66199129,31.29,31.19837921,1.554045793
795,7:02:45,-0.93192227,51.66198683,-0.931908867,51.66198971,31.29,31.11697361,0.978632934
796,7:02:45,-0.931962592,51.66198233,-0.93192227,51.66198683,31.29,31.46651875,2.826628179
797,7:02:45,-0.932005149,51.66197365,-0.931962592,51.66198233,31.29,31.38753572,3.090814208
798,7:02:45,-0.932032105,51.66197064,-0.932005149,51.66197365,31.29,31.30206813,1.889686368
799,7:02:45,-0.93207933,51.66196467,-0.932032105,51.66197064,31.29,31.46420399,3.325200324
800,7:02:45,-0.932117625,51.66196015,-0.93207933,51.66196467,31.29,31.29772424,2.689518259
801,7:02:45,-0.932158291,51.66195839,-0.932117625,51.66196015,31.29,31.52972911,2.812517501
802,7:02:45,-0.932196643,51.66195109,-0.932158291,51.66195839,31.29,31.45638092,2.767819164
803,7:02:45,-0.932237345,51.66194515,-0.932196643,51.66195109,31.29,31.16950484,2.884854336
804,7:02:45,-0.932291746,51.66193907,-0.932237345,51.66194515,31.29,31.49898747,3.813761757
805,7:02:46,-0.932339451,51.66193443,-0.932291746,51.66193907,31.29,31.26977903,3.331561004
806,7:02:46,-0.932386868,51.66193271,-0.932339451,51.66193443,31.29,31.38603562,3.277063634
807,7:02:46,-0.932415891,51.66192841,-0.932386868,51.66193271,31.29,31.39030769,2.058729996
808,7:02:46,-0.932464984,51.66192404,-0.932415891,51.66192841,31.29,31.18955985,3.421806368
809,7:02:46,-0.932505787,51.66191952,-0.932464984,51.66192404,31.29,31.09344938,2.859689826
810,7:02:46,-0.932560247,51.66191489,-0.932505787,51.66191952,31.29,31.24004786,3.792525234
811,7:02:46,-0.932607963,51.6619089,-0.932560247,51.66191489,31.29,31.16491457,3.358845219
812,7:02:46,-0.932644355,51.6619044,-0.932607963,51.6619089,31.29,31.04137687,2.560222363
813,7:02:46,-0.932685332,51.66189986,-0.932644355,51.6619044,31.29,31.50121751,2.871900049
814,7:02:46,-0.932742614,51.66189213,-0.932685332,51.66189986,31.29,31.46232571,4.044542292
815,7:02:47,-0.932807897,51.66187712,-0.932742614,51.66189213,31.29,31.07186752,4.803577922
816,7:02:47,-0.932882776,51.66187368,-0.932807897,51.66187712,31.29,31.1287262,5.180335981
817,7:02:47,-0.932990492,51.6618671,-0.932882776,51.66187368,31.29,31.18583242,7.467686636
818,7:02:47,-0.933060857,51.66186661,-0.932990492,51.6618671,31.29,31.17192887,4.855055422
819,7:02:47,-0.933140554,51.66186026,-0.933060857,51.66186661,31.29,31.43868214,5.543775356
820,7:02:47,-0.933210933,51.66185394,-0.933140554,51.66186026,31.29,31.19214123,4.906334831
821,7:02:48,-0.933281337,51.6618388,-0.933210933,51.66185394,31.29,31.38727716,5.141059198
822,7:02:48,-0.933370739,51.66183816,-0.933281337,51.6618388,31.29,31.41979085,6.168599298
823,7:02:48,-0.933441414,51.66182881,-0.933370739,51.66183816,31.29,31.20335349,4.985808061
824,7:02:48,-0.933507478,51.66182242,-0.933441414,51.66182881,31.29,31.0910137,4.613091436
825,7:02:48,-0.933578425,51.66181005,-0.933507478,51.66182242,31.29,31.49245789,5.084599729
826,7:02:49,-0.933677644,51.66180933,-0.933578425,51.66181005,31.29,31.29736939,6.845973982
827,7:02:49,-0.933786561,51.66180259,-0.933677644,51.66180933,31.29,31.07207656,7.551910131
828,7:02:49,-0.933848188,51.66179917,-0.933786561,51.66180259,31.29,31.20434702,4.268869788
829,7:02:49,-0.933900433,51.66179874,-0.933848188,51.66179917,31.29,31.1574048,3.60490434
830,7:02:49,-0.933953069,51.66178936,-0.933900433,51.66179874,31.29,31.39870934,3.778457121
831,7:02:49,-0.934020122,51.66177983,-0.933953069,51.66178936,31.29,31.39323006,4.746131541
832,7:02:49,-0.934082341,51.66177627,-0.934020122,51.66177983,31.29,31.5098853,4.31095777
833,7:02:50,-0.934154032,51.66177859,-0.934082341,51.66177627,31.29,31.29339251,4.952971581
834,7:02:50,-0.934230813,51.6617749,-0.934154032,51.66177859,31.29,31.12792353,5.313299665
835,7:02:50,-0.934293201,51.66177432,-0.934230813,51.6617749,31.29,31.30655171,4.30487804
836,7:02:50,-0.934356266,51.66175881,-0.934293201,51.66177432,31.29,31.26571505,4.680614043
837,7:02:50,-0.934418711,51.66176121,-0.934356266,51.66175881,31.29,31.44485155,4.316590634
838,7:02:50,-0.93445725,51.66176084,-0.934418711,51.66176121,31.29,31.50740099,2.659277149
839,7:02:50,-0.934524344,51.66176918,-0.93445725,51.66176084,31.29,31.49544929,4.721110563
840,7:02:51,-0.934614463,51.6617628,-0.934524344,51.66176918,31.29,31.45602603,6.258030845
841,7:02:51,-0.934691209,51.66175924,-0.934614463,51.6617628,31.29,31.19721083,5.309796076
842,7:02:51,-0.934777617,51.66175561,-0.934691209,51.66175924,31.29,31.4362663,5.97528801
843,7:02:51,-0.93485931,51.66175202,-0.934777617,51.66175561,31.29,31.43928325,5.650451942
844,7:02:51,-0.934907327,51.66175166,-0.93485931,51.66175202,31.29,31.12924374,3.313126205
845,7:02:52,-0.93500837,51.66174791,-0.934907327,51.66175166,31.29,31.29624682,6.98382608
846,7:02:52,-0.935080237,51.66175334,-0.93500837,51.66174791,31.29,31.48244874,4.99503823
847,7:02:52,-0.935171677,51.66175265,-0.935080237,51.66175334,31.29,31.37721497,6.309276717
848,7:02:52,-0.935266923,51.66173732,-0.935171677,51.66175265,31.29,31.44971584,6.78901247
849,7:02:52,-0.935382046,51.66173233,-0.935266923,51.66173732,31.29,31.35402929,7.962165586
850,7:02:53,-0.935459971,51.6617373,-0.935382046,51.66173233,31.29,31.45765594,5.404702724
851,7:02:53,-0.935546546,51.66173411,-0.935459971,51.6617373,31.29,31.43553879,5.983685299
852,7:02:53,-0.935663486,51.66171723,-0.935546546,51.66173411,31.29,31.24570165,8.283733138
853,7:02:53,-0.935797731,51.66171647,-0.935663486,51.66171723,31.29,31.04922884,9.262490557
854,7:02:54,-0.935918745,51.66171587,-0.935797731,51.66171647,31.29,31.23713122,8.349511514
855,7:02:54,-0.936043039,51.66171554,-0.935918745,51.66171587,31.29,31.06896349,8.575623899
856,7:02:54,-0.936146842,51.66170958,-0.936043039,51.66171554,31.29,31.17401118,7.192403562
857,7:02:54,-0.936250656,51.661709,-0.936146842,51.66170958,31.29,31.50271199,7.162838912
858,7:02:55,-0.936337167,51.66170851,-0.936250656,51.661709,31.29,31.43169484,5.968993228
859,7:02:55,-0.936415029,51.66170808,-0.936337167,51.66170851,31.29,31.10499801,5.372227809
860,7:02:55,-0.936501551,51.6617049,-0.936415029,51.66170808,31.29,31.51754403,5.979973007
861,7:02:55,-0.936596283,51.66170446,-0.936501551,51.6617049,31.29,31.38112099,6.536128316
862,7:02:55,-0.936700315,51.66170736,-0.936596283,51.66170446,31.29,31.13108282,7.184833719
863,7:02:56,-0.936798202,51.66170706,-0.936700315,51.66170736,31.29,31.12544766,6.753703401
864,7:02:56,-0.936892061,51.66170672,-0.936798202,51.66170706,31.29,31.53731295,6.475823387
865,7:02:56,-0.93699435,51.66170634,-0.936892061,51.66170672,31.29,31.46595347,7.057459466
866,7:02:56,-0.937070185,51.66171334,-0.93699435,51.66170634,31.29,31.07966397,5.289776096
867,7:02:56,-0.937151325,51.66171064,-0.937070185,51.66171334,31.29,31.13279479,5.606226177
868,7:02:57,-0.937251725,51.66171027,-0.937151325,51.66171064,31.29,31.09126379,6.92712478
869,7:02:57,-0.937343888,51.66170542,-0.937251725,51.66171027,31.29,31.39253629,6.381540221
870,7:02:57,-0.937436316,51.66171473,-0.937343888,51.66170542,31.29,31.18122996,6.46051043
871,7:02:57,-0.937548257,51.66171649,-0.937436316,51.66171473,31.29,31.24393128,7.725742478
872,7:02:57,-0.937671632,51.66171343,-0.937548257,51.66171649,31.29,31.2718566,8.518941636
873,7:02:58,-0.937744924,51.66171302,-0.937671632,51.66171343,31.29,31.18833668,5.056917164
874,7:02:58,-0.937830035,51.66171968,-0.937744924,51.66171302,31.29,31.14738483,5.918690922
875,7:02:58,-0.937884304,51.66172651,-0.937830035,51.66171968,31.29,31.50296924,3.820525865
876,7:02:58,-0.937968793,51.66171895,-0.937884304,51.66172651,31.29,31.24232859,5.889572446
877,7:02:58,-0.938048799,51.66171879,-0.937968793,51.66171895,31.29,31.38457775,5.519965556
878,7:02:59,-0.938172035,51.66172293,-0.938048799,51.66171879,31.29,31.3464509,8.515008698
879,7:02:59,-0.938222536,51.66172975,-0.938172035,51.66172293,31.29,31.4353857,3.565885126
880,7:02:59,-0.938287907,51.66172702,-0.938222536,51.66172975,31.29,31.13735314,4.520418123
881,7:02:59,-0.938376684,51.66172889,-0.938287907,51.66172702,31.29,31.27887719,6.128612793
882,7:02:59,-0.938450058,51.66173086,-0.938376684,51.66172889,31.29,31.04334953,5.067106997
883,7:02:59,-0.938504653,51.66174002,-0.938450058,51.66173086,31.29,31.37985726,3.902084147
884,7:03:00,-0.938573875,51.66173727,-0.938504653,51.66174002,31.29,31.09840191,4.785687859
885,7:03:00,-0.938650672,51.6617345,-0.938573875,51.66173727,31.29,31.07536013,5.307483002
886,7:03:00,-0.938734309,51.66174142,-0.938650672,51.6617345,31.29,31.2368203,5.821557385
887,7:03:00,-0.938795459,51.66174355,-0.938734309,51.66174142,31.29,31.50888798,4.225629644
888,7:03:00,-0.938857035,51.66175039,-0.938795459,51.66174355,31.29,31.19319392,4.315956575
889,7:03:00,-0.938925559,51.66175012,-0.938857035,51.66175039,31.29,31.08093474,4.727839449
890,7:03:00,-0.938993227,51.66175993,-0.938925559,51.66175012,31.29,31.18471831,4.794494953
891,7:03:01,-0.939140536,51.6617623,-0.938993227,51.66175993,31.29,31.31711226,10.16685099
892,7:03:01,-0.939202292,51.66177078,-0.939140536,51.6617623,31.29,31.10352066,4.363939315
893,7:03:01,-0.939306728,51.6617762,-0.939202292,51.66177078,31.29,31.13712368,7.230627192
894,7:03:01,-0.939411149,51.66178736,-0.939306728,51.6617762,31.29,31.27097804,7.310567937
895,7:03:02,-0.939506093,51.66179843,-0.939411149,51.66178736,31.29,31.44139025,6.665272906
896,7:03:02,-0.939615236,51.66180363,-0.939506093,51.66179843,31.29,31.13717808,7.552381655
897,7:03:02,-0.939724357,51.66180593,-0.939615236,51.66180363,31.29,31.28362751,7.533029028
898,7:03:02,-0.939848112,51.66182267,-0.939724357,51.66180593,31.29,31.1764689,8.738993635
899,7:03:03,-0.939952495,51.66182209,-0.939848112,51.66182267,31.29,31.30475051,7.20207697
900,7:03:03,-0.94003819,51.66183034,-0.939952495,51.66182209,31.29,31.28813219,5.983213913
901,7:03:03,-0.940123741,51.66184167,-0.94003819,51.66183034,31.29,31.35008347,6.035521439
902,7:03:03,-0.940242409,51.66184099,-0.940123741,51.66184167,31.29,31.06528247,8.187711515
903,7:03:03,-0.940341858,51.66185533,-0.940242409,51.66184099,31.29,31.28342455,7.044313547
904,7:03:04,-0.940422179,51.66187273,-0.940341858,51.66185533,31.29,31.04270787,5.869875773
905,7:03:04,-0.940521551,51.66188108,-0.940422179,51.66187273,31.29,31.24245573,6.918670322
906,7:03:04,-0.940587611,51.66189554,-0.940521551,51.66188108,31.29,31.14890632,4.833179764
907,7:03:04,-0.94071268,51.66190325,-0.940587611,51.66189554,31.29,31.3988481,8.671488282
908,7:03:05,-0.940818796,51.66192298,-0.94071268,51.66190325,31.29,31.17663376,7.643155395
909,7:03:05,-0.940948502,51.66193678,-0.940818796,51.66192298,31.29,31.16936612,9.079580299
910,7:03:05,-0.941043976,51.66195391,-0.940948502,51.66193678,31.29,31.47560804,6.85712246
911,7:03:05,-0.941175041,51.66196192,-0.941043976,51.66195391,31.29,31.23685401,9.086438506
912,7:03:06,-0.941318457,51.66196561,-0.941175041,51.66196192,31.29,31.38267845,9.903303562
913,7:03:06,-0.941447211,51.66199288,-0.941318457,51.66196561,31.29,31.11495953,9.386762751
914,7:03:06,-0.941561234,51.66200646,-0.941447211,51.66199288,31.29,31.47738633,8.010551023
915,7:03:06,-0.941667395,51.66200598,-0.941561234,51.66200646,31.29,31.17711308,7.324624015
916,7:03:07,-0.941811711,51.6620288,-0.941667395,51.66200598,31.29,31.22485057,10.27530019
917,7:03:07,-0.941932922,51.66204674,-0.941811711,51.6620288,31.29,31.47265963,8.59753829
918,7:03:07,-0.942069131,51.66205494,-0.941932922,51.66204674,31.29,31.37768535,9.441694799
919,7:03:08,-0.942213542,51.66208222,-0.942069131,51.66205494,31.29,31.42602716,10.41520286
920,7:03:08,-0.942327793,51.6621144,-0.942213542,51.66208222,31.29,31.40134278,8.657139001
921,7:03:08,-0.942418966,51.66212327,-0.942327793,51.6621144,31.29,31.25864975,6.367235177
922,7:03:08,-0.942487667,51.66214156,-0.942418966,51.66212327,31.29,31.27344734,5.15803247
923,7:03:09,-0.942617637,51.66215454,-0.942487667,51.66214156,31.29,31.12452102,9.08254721
924,7:03:09,-0.942771148,51.6621721,-0.942617637,51.66215454,31.29,31.42686126,10.76982306
925,7:03:09,-0.942871123,51.66220925,-0.942771148,51.6621721,31.29,31.37602694,8.040577024
926,7:03:10,-0.943008322,51.66221796,-0.942871123,51.66220925,31.29,31.48611709,9.515255388
927,7:03:10,-0.943116972,51.66225498,-0.943008322,51.66221796,31.29,31.31418942,8.5525653
928,7:03:10,-0.943202344,51.66226856,-0.943116972,51.66225498,31.29,31.28538656,6.080675051
929,7:03:10,-0.943318057,51.6622678,-0.943202344,51.66226856,31.29,31.50713087,7.983857659
930,7:03:11,-0.943482211,51.66230466,-0.943318057,51.6622678,31.29,31.4624312,12.04472673
931,7:03:11,-0.943597624,51.66231827,-0.943482211,51.66230466,31.29,31.27123048,8.105320743
932,7:03:11,-0.943724124,51.66235556,-0.943597624,51.66231827,31.29,31.21072893,9.663037355
933,7:03:12,-0.943827095,51.66237404,-0.943724124,51.66235556,31.29,31.13936439,7.3956589
934,7:03:12,-0.943979226,51.66241148,-0.943827095,51.66237404,31.29,31.2748507,11.29190003
935,7:03:12,-0.944130281,51.66242989,-0.943979226,51.66241148,31.29,31.52193004,10.62099295
936,7:03:13,-0.944242745,51.66246301,-0.944130281,51.66242989,31.29,31.38617548,8.589295704
937,7:03:13,-0.94438299,51.66250595,-0.944242745,51.66246301,31.29,31.47301197,10.79045253
938,7:03:13,-0.944550799,51.66253906,-0.94438299,51.66250595,31.29,31.43778094,12.14921676
939,7:03:14,-0.944660236,51.66256744,-0.944550799,51.66253906,31.29,31.15758448,8.183648065
940,7:03:14,-0.944747508,51.6625719,-0.944660236,51.66256744,31.29,31.44494481,6.041535001
941,7:03:14,-0.944910874,51.66261924,-0.944747508,51.6625719,31.29,31.33729687,12.44033076
942,7:03:14,-0.945042493,51.66263291,-0.944910874,51.66261924,31.29,31.47715013,9.207156222
943,7:03:15,-0.945226538,51.66267501,-0.945042493,51.66263291,31.29,31.16046515,13.53365203
944,7:03:15,-0.945367675,51.66271288,-0.945226538,51.66267501,31.29,31.49426712,10.6093882
945,7:03:15,-0.945461091,51.66273733,-0.945367675,51.66271288,31.29,31.11854233,6.995259987
946,7:03:16,-0.945566375,51.66277101,-0.945461091,51.66273733,31.29,31.19005639,8.172888206
947,7:03:16,-0.945690232,51.66279436,-0.945566375,51.66277101,31.29,31.14265249,8.931150098
948,7:03:16,-0.945844926,51.66282713,-0.945690232,51.66279436,31.29,31.18711686,11.27793657
949,7:03:17,-0.946011893,51.66286006,-0.945844926,51.66282713,31.29,31.10082343,12.08771151
950,7:03:17,-0.94611038,51.66289134,-0.946011893,51.66286006,31.29,31.50652415,7.633768818
951,7:03:17,-0.946240633,51.66290391,-0.94611038,51.66289134,31.29,31.47767101,9.094555733
952,7:03:18,-0.946440931,51.66295549,-0.946240633,51.66290391,31.29,31.05715495,14.96256951
953,7:03:18,-0.946548737,51.66299477,-0.946440931,51.66295549,31.29,31.40054817,8.626021023
954,7:03:18,-0.946663286,51.66301142,-0.946548737,51.66299477,31.29,31.22886089,8.117055885
955,7:03:19,-0.94679253,51.66305088,-0.946663286,51.66301142,31.29,31.34504885,9.938444549
956,7:03:19,-0.946891231,51.66309912,-0.94679253,51.66305088,31.29,31.15675003,8.669459886
957,7:03:19,-0.947054138,51.66313997,-0.946891231,51.66309912,31.29,31.49281807,12.12292488
958,7:03:19,-0.947152329,51.66315834,-0.947054138,51.66313997,31.29,31.18569901,7.075803569
959,7:03:20,-0.947264548,51.66318449,-0.947152329,51.66315834,31.29,31.27962466,8.270509555
960,7:03:20,-0.947403936,51.66324259,-0.947264548,51.66318449,31.29,31.09313874,11.58620306
961,7:03:20,-0.94754948,51.66328115,-0.947403936,51.66324259,31.29,31.27756449,10.91891823
962,7:03:21,-0.947702353,51.66331583,-0.94754948,51.66328115,31.29,31.084336,11.23019574
963,7:03:21,-0.947835922,51.66335491,-0.947702353,51.66331583,31.29,31.18119484,10.18885347
964,7:03:21,-0.94793642,51.66338231,-0.947835922,51.66335491,31.29,31.18789583,7.57373318
965,7:03:22,-0.948085053,51.6634256,-0.94793642,51.66338231,31.29,31.12325309,11.32859242
966,7:03:22,-0.948216224,51.66347326,-0.948085053,51.6634256,31.29,31.41447945,10.48797562
967,7:03:22,-0.9483677,51.66349847,-0.948216224,51.66347326,31.29,31.25606046,10.82017296
968,7:03:23,-0.948494248,51.66354571,-0.9483677,51.66349847,31.29,31.05746965,10.18986188
969,7:03:23,-0.94870932,51.66360209,-0.948494248,51.66354571,31.29,31.25103773,16.10879364
970,7:03:24,-0.948861636,51.66365974,-0.94870932,51.66360209,31.29,31.38826964,12.31031402
971,7:03:24,-0.949038639,51.66371735,-0.948861636,51.66365974,31.29,31.50450334,13.79068178
972,7:03:25,-0.949208255,51.66377029,-0.949038639,51.66371735,31.29,31.33033063,13.09993929
973,7:03:25,-0.949346226,51.66382876,-0.949208255,51.66377029,31.29,31.24150284,11.52825365
974,7:03:25,-0.949492468,51.66386231,-0.949346226,51.66382876,31.29,31.38287603,10.75733172
975,7:03:26,-0.949688727,51.66394604,-0.949492468,51.66386231,31.29,31.15476983,16.43363796
976,7:03:26,-0.949762681,51.66399085,-0.949688727,51.66394604,31.29,31.16255641,7.1324967
977,7:03:26,-0.949869485,51.66404555,-0.949762681,51.66399085,31.29,31.16270726,9.555642021
978,7:03:27,-0.94995953,51.66405996,-0.949869485,51.66404555,31.29,31.06843915,6.415676139
979,7:03:27,-0.950066208,51.66408439,-0.94995953,51.66405996,31.29,31.32649257,7.845356203
980,7:03:27,-0.950173677,51.66414426,-0.950066208,51.66408439,31.29,31.19907879,9.965747628
981,7:03:27,-0.950281537,51.66420929,-0.950173677,51.66414426,31.29,31.2708416,10.37736992
982,7:03:28,-0.950381246,51.66426437,-0.950281537,51.66420929,31.29,31.39228752,9.211513098
983,7:03:28,-0.950522214,51.66429896,-0.950381246,51.66426437,31.29,31.17238343,10.45874198
984,7:03:28,-0.950597311,51.66434427,-0.950522214,51.66429896,31.29,31.10891782,7.227754113
985,7:03:29,-0.950721964,51.66438935,-0.950597311,51.66434427,31.29,31.1923564,9.954786098
986,7:03:29,-0.950805189,51.66441945,-0.950721964,51.66438935,31.29,31.42316626,6.646465112
987,7:03:29,-0.95099106,51.66446665,-0.950805189,51.66441945,31.29,31.40950049,13.85626991
988,7:03:30,-0.951138301,51.66450179,-0.95099106,51.66446665,31.29,31.30023883,10.88411393
989,7:03:30,-0.951278993,51.66456465,-0.951138301,51.66450179,31.29,31.30589192,11.96227587
990,7:03:30,-0.951383193,51.66462804,-0.951278993,51.66456465,31.29,31.35935227,10.06921971
991,7:03:31,-0.951450417,51.66467804,-0.951383193,51.66462804,31.29,31.50533198,7.241339432
992,7:03:31,-0.951524599,51.66470041,-0.951450417,51.66467804,31.29,31.50771807,5.690560261
993,7:03:31,-0.951636279,51.66475011,-0.951524599,51.66470041,31.29,31.48288986,9.482682258
994,7:03:31,-0.951770321,51.66479965,-0.951636279,51.66475011,31.29,31.36348509,10.76464386
995,7:03:32,-0.95194185,51.66484899,-0.951770321,51.66479965,31.29,31.41377336,13.04426253
996,7:03:32,-0.952024722,51.66491761,-0.95194185,51.66484899,31.29,31.09021328,9.536245586
997,7:03:32,-0.952129787,51.66497234,-0.952024722,51.66491761,31.29,31.08031499,9.465468618
998,7:03:33,-0.952257081,51.6650039,-0.952129787,51.66497234,31.29,31.40300273,9.457476906
999,7:03:33,-0.952369909,51.66506333,-0.952257081,51.6650039,31.29,31.39898775,10.21192484
1000,7:03:34,-0.95252054,51.66514572,-0.952369909,51.66506333,31.29,31.33620276,13.85527158
1001,7:03:34,-0.952611168,51.66521461,-0.95252054,51.66514572,31.29,31.36831615,9.889565152
1002,7:03:34,-0.952716618,51.66525114,-0.952611168,51.66521461,31.29,31.05469966,8.332604609
1003,7:03:35,-0.952852629,51.66531538,-0.952716618,51.66525114,31.29,31.50283486,11.7939896
1004,7:03:35,-0.952973775,51.66537515,-0.952852629,51.66531538,31.29,31.255848,10.67926554
1005,7:03:35,-0.953087402,51.66540728,-0.952973775,51.66537515,31.29,31.50712431,8.615130702
1006,7:03:35,-0.95315622,51.66547202,-0.953087402,51.66540728,31.29,31.37015604,8.625050319
1007,7:03:36,-0.953304945,51.66553756,-0.95315622,51.66547202,31.29,31.35765173,12.58626777
1008,7:03:36,-0.953467308,51.66561344,-0.953304945,51.66553756,31.29,31.36804767,14.02484615
1009,7:03:36,-0.953512889,51.66565765,-0.953467308,51.66561344,31.29,31.25082517,5.83679294
1010,7:03:37,-0.953693709,51.66573351,-0.953512889,51.66565765,31.29,31.0643072,15.06002595
1011,7:03:37,-0.953784339,51.66577698,-0.953693709,51.66573351,31.29,31.40699145,7.903762345
1012,7:03:37,-0.953784432,51.66578261,-0.953784339,51.66577698,31.29,31.45210561,0.626236967
1013,7:03:38,-0.953875228,51.66583155,-0.953784432,51.66578261,31.29,31.24182607,8.29856484
1014,7:03:38,-0.953993628,51.66589211,-0.953875228,51.66583155,31.29,31.33687706,10.58728025
1015,7:03:38,-0.954112415,51.66596964,-0.953993628,51.66589211,31.29,31.11768046,11.89612912
1016,7:03:39,-0.954240325,51.6660413,-0.954112415,51.66596964,31.29,31.44156952,11.89095766
1017,7:03:39,-0.954377769,51.66612409,-0.954240325,51.6660413,31.29,31.04548456,13.21747297
1018,7:03:39,-0.954506196,51.66618448,-0.954377769,51.66612409,31.29,31.53566397,11.11818729
1019,7:03:40,-0.95459871,51.66626805,-0.954506196,51.66618448,31.29,31.50110757,11.27536714
1020,7:03:40,-0.954709565,51.66634028,-0.95459871,51.66626805,31.29,31.48428105,11.09181396
1021,7:03:41,-0.954848075,51.66642387,-0.954709565,51.66634028,31.29,31.09041804,13.33218176
1022,7:03:41,-0.955014397,51.66650744,-0.954848075,51.66642387,31.29,31.19162459,14.76663944
1023,7:03:41,-0.955098033,51.66658046,-0.955014397,51.66650744,31.29,31.06161157,9.962579657
1024,7:03:42,-0.955247069,51.6666701,-0.955098033,51.66658046,31.29,31.49456378,14.32188074
1025,7:03:42,-0.955350822,51.66676594,-0.955247069,51.6666701,31.29,31.13327878,12.83996062
1026,7:03:42,-0.955417025,51.66682812,-0.955350822,51.66676594,31.29,31.53289636,8.287953649
1027,7:03:43,-0.955511531,51.66690169,-0.955417025,51.66682812,31.29,31.27364619,10.46257525
1028,7:03:43,-0.955595913,51.66693553,-0.955511531,51.66690169,31.29,31.20364486,6.932037482
1029,7:03:43,-0.955652848,51.66700371,-0.955595913,51.66693553,31.29,31.34769178,8.540204104
1030,7:03:44,-0.955719177,51.66707194,-0.955652848,51.66700371,31.29,31.10667245,8.861722915
1031,7:03:44,-0.955804371,51.66714593,-0.955719177,51.66707194,31.29,31.08905803,10.1127697
1032,7:03:44,-0.955917931,51.66723142,-0.955804371,51.66714593,31.29,31.29983972,12.32022313
1033,7:03:45,-0.956086956,51.66731674,-0.955917931,51.66723142,31.29,31.13320262,15.03393297
1034,7:03:45,-0.956172398,51.66740244,-0.956086956,51.66731674,31.29,31.35077911,11.20727712
1035,7:03:45,-0.956238909,51.66746535,-0.956172398,51.66740244,31.29,31.39348681,8.367425521
1036,7:03:46,-0.956333797,51.66753979,-0.956238909,51.66746535,31.29,31.12430271,10.55469674
1037,7:03:46,-0.956523001,51.66762585,-0.956333797,51.66753979,31.29,31.30001111,16.18601957
1038,7:03:47,-0.956618797,51.66773499,-0.956523001,51.66762585,31.29,31.46934397,13.82147503
1039,7:03:47,-0.956770493,51.6678212,-0.956618797,51.66773499,31.29,31.50040455,14.19351344
1040,7:03:48,-0.956884055,51.66793006,-0.956770493,51.6678212,31.29,31.44887549,14.42144588
1041,7:03:48,-0.957006904,51.66801607,-0.956884055,51.66793006,31.29,31.31322244,12.78043516
1042,7:03:48,-0.957112111,51.66809691,-0.957006904,51.66801607,31.29,31.27726744,11.55513029
1043,7:03:49,-0.957198757,51.66818361,-0.957112111,51.66809691,31.29,31.48786569,11.34551338
1044,7:03:49,-0.957332786,51.66827628,-0.957198757,51.66818361,31.29,31.49646074,13.84656847
1045,7:03:50,-0.957409856,51.66834584,-0.957332786,51.66827628,31.29,31.35928573,9.387536984
1046,7:03:50,-0.957550905,51.66842214,-0.957409856,51.66834584,31.29,31.11492188,12.91111261
1047,7:03:50,-0.957609718,51.66847572,-0.957550905,51.66842214,31.29,31.2345754,7.209446508
1048,7:03:51,-0.95774918,51.6685828,-0.957609718,51.66847572,31.29,31.32624919,15.31034721
1049,7:03:51,-0.95782299,51.66866337,-0.95774918,51.6685828,31.29,31.45219915,10.30697271
1050,7:03:51,-0.957904186,51.66874834,-0.95782299,51.66866337,31.29,31.23191775,10.98602143
1051,7:03:52,-0.957984953,51.66879735,-0.957904186,51.66874834,31.29,31.10317044,7.794743703
1052,7:03:52,-0.958088215,51.66887786,-0.957984953,51.66879735,31.29,31.12187289,11.44250807
1053,7:03:52,-0.958176863,51.66894506,-0.958088215,51.66887786,31.29,31.513709,9.657256027
1054,7:03:53,-0.958266171,51.66903954,-0.958176863,51.66894506,31.29,31.19791296,12.18140225
1055,7:03:53,-0.958369774,51.66910694,-0.958266171,51.66903954,31.29,31.22700959,10.35745962
1056,7:03:53,-0.95844401,51.66916099,-0.958369774,51.66910694,31.29,31.06786269,7.897226918
1057,7:03:54,-0.958489428,51.66923345,-0.95844401,51.66916099,31.29,31.4472117,8.647016357
1058,7:03:54,-0.95859388,51.66931941,-0.958489428,51.66923345,31.29,31.4802593,11.9720604
1059,7:03:54,-0.958706213,51.66941921,-0.95859388,51.66931941,31.29,31.49897526,13.53755999
1060,7:03:55,-0.958811681,51.66952843,-0.958706213,51.66941921,31.29,31.51483758,14.16011779
1061,7:03:55,-0.958903015,51.66965175,-0.958811681,51.66952843,31.29,31.22299101,15.09422143
1062,7:03:56,-0.958986528,51.66974785,-0.958903015,51.66965175,31.29,31.39061593,12.14245674
1063,7:03:56,-0.959047467,51.66982123,-0.958986528,51.66974785,31.29,31.39586366,9.180722948
1064,7:03:56,-0.959138094,51.66989464,-0.959047467,51.66982123,31.29,31.38664114,10.28356598
1065,7:03:57,-0.959201829,51.66996643,-0.959138094,51.66989464,31.29,31.33980589,9.11530342
1066,7:03:57,-0.959296328,51.67008115,-0.959201829,51.66996643,31.29,31.22659104,14.32856142
1067,7:03:57,-0.959337814,51.67014584,-0.959296328,51.67008115,31.29,31.05359099,7.743447523
1068,7:03:58,-0.959432914,51.67028647,-0.959337814,51.67014584,31.29,31.2539432,16.96170549
1069,7:03:58,-0.959492456,51.67036242,-0.959432914,51.67028647,31.29,31.29007787,9.393199285
1070,7:03:59,-0.959587831,51.6704603,-0.959492456,51.67036242,31.29,31.09900189,12.72033418
1071,7:03:59,-0.959630036,51.67052586,-0.959587831,51.6704603,31.29,31.40447327,7.851691104
1072,7:03:59,-0.959660413,51.67058788,-0.959630036,51.67052586,31.29,31.14249888,7.209488623
1073,7:03:59,-0.959708785,51.67066814,-0.959660413,51.67058788,31.29,31.18995348,9.53023961
1074,7:04:00,-0.95978661,51.67074095,-0.959708785,51.67066814,31.29,31.43594039,9.716149064
1075,7:04:00,-0.959826394,51.67081689,-0.95978661,51.67074095,31.29,31.23210685,8.881161643
1076,7:04:00,-0.959891677,51.67090383,-0.959826394,51.67081689,31.29,31.46664193,10.66715805
1077,7:04:01,-0.959924563,51.67096715,-0.959891677,51.67090383,31.29,31.5394239,7.399169976
1078,7:04:01,-0.959970367,51.67105007,-0.959924563,51.67096715,31.29,31.37455115,9.749071731
1079,7:04:01,-0.960054714,51.67113274,-0.959970367,51.67105007,31.29,31.21023505,10.88123817
1080,7:04:02,-0.960132876,51.67121964,-0.960054714,51.67113274,31.29,31.30738512,11.067627
1081,7:04:02,-0.960185518,51.67130308,-0.960132876,51.67121964,31.29,31.29985374,9.965820114
1082,7:04:02,-0.960218739,51.67137476,-0.960185518,51.67130308,31.29,31.44385511,8.29549499
1083,7:04:03,-0.960278136,51.6714743,-0.960218739,51.67137476,31.29,31.22238555,11.80525718
1084,7:04:03,-0.96033093,51.67156197,-0.960278136,51.6714743,31.29,31.52296288,10.40903253
1085,7:04:03,-0.960351571,51.67165403,-0.96033093,51.67156197,31.29,31.2470614,10.33800868
1086,7:04:04,-0.960404535,51.67174212,-0.960351571,51.67165403,31.29,31.42586959,10.45689421
1087,7:04:04,-0.960463765,51.67180626,-0.960404535,51.67174212,31.29,31.46089971,8.221128389
1088,7:04:04,-0.960549383,51.67188662,-0.960463765,51.67180626,31.29,31.14548525,10.71303207
1089,7:04:05,-0.960590385,51.67200795,-0.960549383,51.67188662,31.29,31.10204894,13.78827097
1090,7:04:05,-0.960637502,51.67209714,-0.960590385,51.67200795,31.29,31.22308222,10.4390933
1091,7:04:05,-0.960723992,51.67219046,-0.960637502,51.67209714,31.29,31.24927074,11.97201395
1092,7:04:06,-0.960784735,51.67229234,-0.960723992,51.67219046,31.29,31.43308251,12.08154653
1093,7:04:06,-0.960838303,51.67235357,-0.960784735,51.67229234,31.29,31.36057471,7.748189957
1094,7:04:06,-0.960879279,51.67243549,-0.960838303,51.67235357,31.29,31.52220195,9.539971446
1095,7:04:07,-0.960926752,51.67250936,-0.960879279,51.67243549,31.29,31.09455053,8.844785273
1096,7:04:07,-0.960941802,51.67259999,-0.960926752,51.67250936,31.29,31.20130471,10.13375293
1097,7:04:07,-0.961002362,51.67266179,-0.960941802,51.67259999,31.29,31.381305,8.043539987
1098,7:04:07,-0.961063141,51.67272787,-0.961002362,51.67266179,31.29,31.46580548,8.461445061
1099,7:04:08,-0.961083157,51.67278384,-0.961063141,51.67272787,31.29,31.30137255,6.376597984
1100,7:04:08,-0.961140071,51.67285062,-0.961083157,51.67278384,31.29,31.26551607,8.401324137
1101,7:04:08,-0.961171331,51.67290492,-0.961140071,51.67285062,31.29,31.30939411,6.412949629
1102,7:04:08,-0.961197867,51.67297546,-0.961171331,51.67290492,31.29,31.32620247,8.056579052
1103,7:04:09,-0.96123496,51.67302995,-0.961197867,51.67297546,31.29,31.20665044,6.578644617
1104,7:04:09,-0.961261802,51.67309739,-0.96123496,51.67302995,31.29,31.26562675,7.726220853
1105,7:04:09,-0.961304149,51.67315509,-0.961261802,51.67309739,31.29,31.4981191,7.051212153
1106,7:04:09,-0.961320189,51.6732001,-0.961304149,51.67315509,31.29,31.16761761,5.127093362
1107,7:04:09,-0.961346653,51.67325154,-0.961320189,51.6732001,31.29,31.3912644,6.005615004
1108,7:04:10,-0.961388858,51.6733191,-0.961346653,51.67325154,31.29,31.39868031,8.058643857
1109,7:04:10,-0.961451746,51.67337697,-0.961388858,51.6733191,31.29,31.49345687,7.761896483
1110,7:04:10,-0.961483667,51.67342845,-0.961451746,51.67337697,31.29,31.11064863,6.134668618
1111,7:04:10,-0.961516028,51.67350898,-0.961483667,51.67342845,31.29,31.08467848,9.230994466
1112,7:04:11,-0.961547822,51.67356394,-0.961516028,51.67350898,31.29,31.06706775,6.494466633
1113,7:04:11,-0.96157954,51.67360923,-0.961547822,51.67356394,31.29,31.07385029,5.492010127
1114,7:04:11,-0.96162706,51.6736675,-0.96157954,51.67360923,31.29,31.3640868,7.262846171
1115,7:04:11,-0.961643432,51.67372921,-0.96162706,51.6736675,31.29,31.13533101,6.956052484
1116,7:04:11,-0.961701236,51.67376808,-0.961643432,51.67372921,31.29,31.52277137,5.881177096
1117,7:04:12,-0.961754188,51.67382981,-0.961701236,51.67376808,31.29,31.28973324,7.777015238
1118,7:04:12,-0.961803674,51.67390472,-0.961754188,51.67382981,31.29,31.37517421,9.00402003
1119,7:04:12,-0.961850102,51.67396992,-0.961803674,51.67390472,31.29,31.0449092,7.927557189
1120,7:04:12,-0.961878091,51.67400364,-0.961850102,51.67396992,31.29,31.07409941,4.218253306
1121,7:04:13,-0.961919504,51.67405445,-0.961878091,51.67400364,31.29,31.3619742,6.332287189
1122,7:04:13,-0.961944381,51.67408498,-0.961919504,51.67405445,26.82,26.63389817,3.80464792
1123,7:04:13,-0.961990049,51.67414102,-0.961944381,51.67408498,26.82,26.99568437,6.983841751
1124,7:04:13,-0.962035461,51.67421762,-0.961990049,51.67414102,26.82,26.67777623,9.07747584
1125,7:04:14,-0.962080856,51.67430736,-0.962035461,51.67421762,26.82,27.02452494,10.46103303
1126,7:04:14,-0.962097405,51.67433821,-0.962080856,51.67430736,26.82,26.72621478,3.616210401
1127,7:04:14,-0.962146987,51.67438186,-0.962097405,51.67433821,26.82,27.03358083,5.938608337
1128,7:04:14,-0.962176078,51.67442833,-0.962146987,51.67438186,26.82,26.97668749,5.544505045
1129,7:04:15,-0.962209457,51.67449046,-0.962176078,51.67442833,26.82,26.84511321,7.283919439
1130,7:04:15,-0.962222171,51.67454503,-0.962209457,51.67449046,26.82,26.64979471,6.132642884
1131,7:04:15,-0.962263943,51.67459705,-0.962222171,51.67454503,26.82,26.82583975,6.463669972
1132,7:04:15,-0.962297603,51.67463607,-0.962263943,51.67459705,31.29,31.18585187,4.92201456
1133,7:04:15,-0.962323025,51.67467776,-0.962297603,51.67463607,31.29,31.52716889,4.957483155
1134,7:04:16,-0.962350522,51.67471136,-0.962323025,51.67467776,31.29,31.31577964,4.190910408
1135,7:04:16,-0.96239477,51.67477018,-0.962350522,51.67471136,31.29,31.14740671,7.219184433
1136,7:04:16,-0.962415284,51.67480813,-0.96239477,51.67477018,31.29,31.38805649,4.451876725
1137,7:04:16,-0.962435774,51.67483554,-0.962415284,51.67480813,31.29,31.42845956,3.360358403
1138,7:04:16,-0.962483497,51.67486703,-0.962435774,51.67483554,31.29,31.2857505,4.806513044
1139,7:04:16,-0.96250403,51.67491364,-0.962483497,51.67486703,31.29,31.07087361,5.374223244
1140,7:04:17,-0.962527958,51.67496246,-0.96250403,51.67491364,31.29,31.3320882,5.675340202
1141,7:04:17,-0.962565655,51.67500705,-0.962527958,51.67496246,31.29,31.47307263,5.599821246
1142,7:04:17,-0.962600213,51.67504319,-0.962565655,51.67500705,31.29,31.37290601,4.673292908
1143,7:04:17,-0.962627965,51.67508155,-0.962600213,51.67504319,31.29,31.33049846,4.676347852
1144,7:04:17,-0.96265577,51.67512211,-0.962627965,51.67508155,31.29,31.38815449,4.902059163
1145,7:04:17,-0.962687093,51.6751713,-0.96265577,51.67512211,31.29,31.32940682,5.882334233
1146,7:04:18,-0.962738942,51.67521196,-0.962687093,51.6751713,31.29,31.42249455,5.765580866
1147,7:04:18,-0.962766802,51.67525061,-0.962738942,51.67521196,31.29,31.2557562,4.708828064
1148,7:04:18,-0.962798216,51.67529579,-0.962766802,51.67525061,31.29,31.2609377,5.472421778
1149,7:04:18,-0.962819257,51.67533244,-0.962798216,51.67529579,31.29,31.10777232,4.327074651
1150,7:04:18,-0.962861,51.67536479,-0.962819257,51.67533244,31.29,31.39943894,4.608291307
1151,7:04:18,-0.962896143,51.67540788,-0.962861,51.67536479,31.29,31.11528652,5.370827531
1152,7:04:19,-0.962945145,51.67544444,-0.962896143,51.67540788,31.29,31.36159775,5.287635228
1153,7:04:19,-0.962973498,51.67548974,-0.962945145,51.67544444,31.29,31.34437637,5.404752704
1154,7:04:19,-0.963026063,51.67552637,-0.962973498,51.67548974,31.29,31.38873357,5.453806618
1155,7:04:19,-0.963080127,51.67561548,-0.963026063,51.67552637,31.29,31.40114249,10.58963964
1156,7:04:19,-0.96311686,51.67569407,-0.963080127,51.67561548,31.29,31.05110908,9.10103919
1157,7:04:20,-0.963179052,51.67576621,-0.96311686,51.67569407,31.29,31.27632441,9.098497734
1158,7:04:20,-0.963266807,51.67583507,-0.963179052,51.67576621,31.29,31.21807476,9.761967032
1159,7:04:20,-0.963313737,51.67590117,-0.963266807,51.67583507,31.29,31.14862411,8.033066281
1160,7:04:21,-0.963350393,51.67596107,-0.963313737,51.67590117,31.29,31.5086521,7.126034978
1161,7:04:21,-0.963402477,51.67602408,-0.963350393,51.67596107,31.29,31.49303742,7.875420329
1162,7:04:21,-0.963444134,51.67607136,-0.963402477,51.67602408,31.29,31.24526109,5.992487157
1163,7:04:21,-0.963501482,51.67613762,-0.963444134,51.67607136,31.29,31.20487366,8.364213074
1164,7:04:22,-0.963533204,51.67620093,-0.963501482,51.67613762,31.29,31.53727409,7.373812226
1165,7:04:22,-0.963580046,51.67624513,-0.963533204,51.67620093,31.29,31.27913697,5.882772697
1166,7:04:22,-0.963637293,51.67629567,-0.963580046,51.67624513,31.29,31.09719839,6.869498407
1167,7:04:22,-0.963689556,51.67635264,-0.963637293,51.67629567,31.29,31.1119885,7.290109251
1168,7:04:22,-0.963726343,51.67640338,-0.963689556,51.67635264,31.29,31.26994266,6.187744196
1169,7:04:23,-0.963783732,51.67645406,-0.963726343,51.67640338,31.29,31.34421356,6.887862352
1170,7:04:23,-0.963851574,51.6765111,-0.963783732,51.67645406,31.29,31.18418348,7.883233614
1171,7:04:23,-0.963909508,51.67658741,-0.963851574,51.6765111,31.29,31.51354571,9.381207595
1172,7:04:23,-0.963967235,51.67664783,-0.963909508,51.67658741,31.29,31.32779331,7.811194354
1173,7:04:24,-0.964019805,51.67670513,-0.963967235,51.67664783,31.29,31.16685737,7.332468896
1174,7:04:24,-0.964119186,51.67677831,-0.964019805,51.67670513,31.29,31.28336106,10.64120482
1175,7:04:24,-0.9642032,51.67686429,-0.964119186,51.67677831,31.29,31.18643984,11.18177654
1176,7:04:25,-0.964255655,51.67692471,-0.9642032,51.67686429,31.29,31.09641484,7.632255641
1177,7:04:25,-0.964318466,51.67698827,-0.964255655,51.67692471,31.29,31.431536,8.291307253
1178,7:04:25,-0.964360613,51.67704875,-0.964318466,51.67698827,31.29,31.51429571,7.328179064
1179,7:04:25,-0.964459647,51.67712169,-0.964360613,51.67704875,31.29,31.42331369,10.60533663
1180,7:04:26,-0.964563979,51.67720418,-0.964459647,51.67712169,31.29,31.08156372,11.66026104
1181,7:04:26,-0.964586577,51.67726086,-0.964563979,51.67720418,31.29,31.05009079,6.49411272
1182,7:04:26,-0.964672808,51.67732986,-0.964586577,51.67726086,31.29,31.08522824,9.70932735
1183,7:04:27,-0.964754418,51.67739328,-0.964672808,51.67732986,31.29,31.20095684,9.024429642
1184,7:04:27,-0.964795504,51.67744855,-0.964754418,51.67739328,31.29,31.26223095,6.769148947
1185,7:04:27,-0.964845283,51.67748431,-0.964795504,51.67744855,31.29,31.33209777,5.254275101
1186,7:04:27,-0.964904259,51.67752845,-0.964845283,51.67748431,31.29,31.23075311,6.375628427
1187,7:04:28,-0.964963631,51.67759493,-0.964904259,51.67752845,31.29,31.47997575,8.452460818
1188,7:04:28,-0.965009021,51.67762806,-0.964963631,51.67759493,31.29,31.1519432,4.835181112
1189,7:04:28,-0.965081695,51.6776833,-0.965009021,51.67762806,31.29,31.12171106,7.929294441
1190,7:04:28,-0.965131851,51.67773037,-0.965081695,51.6776833,31.29,31.12797746,6.275030911
1191,7:04:28,-0.965222771,51.67779122,-0.965131851,51.67773037,31.29,31.06359586,9.22655654
1192,7:04:29,-0.965277964,51.6778635,-0.965222771,51.67779122,31.29,31.33920217,8.895111866
1193,7:04:29,-0.965387297,51.67793283,-0.965277964,51.6778635,31.29,31.11690032,10.7854333
1194,7:04:29,-0.965447237,51.67800809,-0.965387297,51.67793283,31.29,31.51221475,9.336056066
1195,7:04:30,-0.965507063,51.67807225,-0.965447237,51.67800809,31.29,31.40885066,8.243276347
1196,7:04:30,-0.965566863,51.67813087,-0.965507063,51.67807225,31.29,31.11453543,7.71503707
1197,7:04:30,-0.965640364,51.67819232,-0.965566863,51.67813087,31.29,31.41671953,8.50958087
1198,7:04:30,-0.965713654,51.678237,-0.965640364,51.67819232,31.29,31.442666,7.088522566
1199,7:04:31,-0.965801583,51.6783323,-0.965713654,51.678237,31.29,31.18126792,12.21202776
1200,7:04:31,-0.96590698,51.67838267,-0.965801583,51.6783323,31.29,31.32161459,9.177547899
1201,7:04:31,-0.965971655,51.67843603,-0.96590698,51.67838267,31.29,31.05006473,7.424359516
1202,7:04:32,-0.966049773,51.67850584,-0.965971655,51.67843603,31.29,31.33361095,9.450810954
1203,7:04:32,-0.966095652,51.67854489,-0.966049773,51.67850584,31.29,31.10639239,5.373750503
1204,7:04:32,-0.966165351,51.67860683,-0.966095652,51.67854489,31.29,31.36868439,8.400639572
1205,7:04:32,-0.966252056,51.67866316,-0.966165351,51.67860683,31.29,31.22102935,8.6610678
1206,7:04:33,-0.966345413,51.67874988,-0.966252056,51.67866316,31.29,31.51169019,11.5971074
1207,7:04:33,-0.966401215,51.6787952,-0.966345413,51.67874988,31.29,31.39671773,6.3419877
1208,7:04:33,-0.966469686,51.67887467,-0.966401215,51.6787952,31.29,31.21397796,10.02151815
1209,7:04:34,-0.966587262,51.67896521,-0.966469686,51.67887467,31.29,31.07372591,12.92937876
1210,7:04:34,-0.966692434,51.67904056,-0.966587262,51.67896521,31.29,31.444894,11.08387951
1211,7:04:34,-0.966748526,51.67910479,-0.966692434,51.67904056,31.29,31.1874554,8.124235753
1212,7:04:35,-0.966841503,51.67916881,-0.966748526,51.67910479,31.29,31.24257171,9.582445354
1213,7:04:35,-0.966959277,51.67923275,-0.966841503,51.67916881,31.29,31.52540284,10.79601574
1214,7:04:35,-0.967040227,51.67929693,-0.966959277,51.67923275,31.29,31.52733306,9.062398343
1215,7:04:36,-0.967109085,51.67937261,-0.967040227,51.67929693,31.29,31.48487647,9.664811167
1216,7:04:36,-0.967195416,51.67941768,-0.967109085,51.67937261,31.29,31.2814565,7.783314425
1217,7:04:36,-0.967288153,51.67949305,-0.967195416,51.67941768,31.29,31.47799756,10.54433534
1218,7:04:36,-0.967405158,51.67954928,-0.967288153,51.67949305,31.29,31.08223507,10.20941417
1219,7:04:37,-0.967473221,51.67961714,-0.967405158,51.67954928,31.29,31.1348763,8.888420491
1220,7:04:37,-0.967547633,51.6796737,-0.967473221,51.67961714,31.29,31.32095107,8.118689279
1221,7:04:37,-0.9676709,51.67972992,-0.967547633,51.6796737,31.29,31.09482432,10.55339305
1222,7:04:38,-0.967750757,51.67980128,-0.9676709,51.67972992,31.29,31.10561494,9.660737065
1223,7:04:38,-0.967843226,51.67986514,-0.967750757,51.67980128,31.29,31.42270584,9.545720838
1224,7:04:38,-0.967843292,51.67987271,-0.967843226,51.67986514,31.29,31.26368857,0.841995436
1225,7:04:38,-0.967892727,51.67992165,-0.967843292,51.67987271,31.29,31.41361095,6.422962718
1226,7:04:38,-0.967951406,51.67995679,-0.967892727,51.67992165,31.29,31.48594839,5.626143702
1227,7:04:39,-0.96804688,51.68001942,-0.967951406,51.67995679,31.29,31.52584865,9.585508885
1228,7:04:39,-0.968197063,51.68012536,-0.96804688,51.68001942,31.29,31.26749162,15.68837195
1229,7:04:40,-0.968284358,51.68021233,-0.968197063,51.68012536,31.29,31.5086388,11.3938023
1230,7:04:40,-0.96839466,51.68027483,-0.968284358,51.68021233,31.29,31.10282581,10.30499138
1231,7:04:40,-0.968528636,51.68035648,-0.96839466,51.68027483,31.29,31.25057546,12.95565356
1232,7:04:41,-0.968670657,51.6804672,-0.968528636,51.68035648,31.29,31.37741783,15.73505757
1233,7:04:41,-0.968741686,51.68052979,-0.968670657,51.6804672,31.29,31.19747396,8.512366683
1234,7:04:41,-0.968867489,51.68061138,-0.968741686,51.68052979,31.29,31.13299496,12.55502108
1235,7:04:42,-0.968993071,51.68068322,-0.968867489,51.68061138,31.29,31.13779084,11.78377373
1236,7:04:42,-0.96911091,51.68076954,-0.968993071,51.68068322,31.29,31.50480086,12.57874242
1237,7:04:43,-0.96928329,51.68086994,-0.96911091,51.68076954,31.29,31.2306383,16.31052926
1238,7:04:43,-0.969377344,51.68093693,-0.96928329,51.68086994,31.29,31.33922358,9.878854095
1239,7:04:43,-0.969502533,51.68101333,-0.969377344,51.68093693,31.29,31.41877738,12.11404896
1240,7:04:44,-0.969729384,51.68112766,-0.969502533,51.68101333,31.29,31.49426615,20.1609896
1241,7:04:45,-0.969885988,51.68123749,-0.969729384,51.68112766,31.29,31.24996038,16.30559592
1242,7:04:45,-0.96999556,51.68131864,-0.969885988,51.68123749,31.29,31.53290364,11.77159301
1243,7:04:45,-0.970136279,51.6814092,-0.96999556,51.68131864,31.29,31.25943736,13.98702563
1244,7:04:46,-0.970230517,51.68148088,-0.970136279,51.6814092,31.29,31.22173967,10.28597828
1245,7:04:46,-0.970395872,51.68158613,-0.970230517,51.68148088,31.29,31.23585061,16.34270486
1246,7:04:47,-0.970537907,51.68166758,-0.970395872,51.68158613,31.29,31.2931685,13.34239737
1247,7:04:47,-0.970680434,51.681778,-0.970537907,51.68166758,31.29,31.28448569,15.73055998
1248,7:04:48,-0.970822564,51.68184994,-0.970680434,51.681778,31.29,31.23278894,12.65308979
1249,7:04:48,-0.970925792,51.68194131,-0.970822564,51.68184994,31.29,31.30387748,12.40809449
1250,7:04:49,-0.971084018,51.68202781,-0.970925792,51.68194131,31.29,31.2202854,14.54756874
1251,7:04:49,-0.971187324,51.68211446,-0.971084018,51.68202781,31.29,31.3272728,11.98507406
1252,7:04:49,-0.971319788,51.68216167,-0.971187324,51.68211446,31.29,31.10468554,10.53675073
1253,7:04:50,-0.97136667,51.68225993,-0.971319788,51.68216167,31.29,31.07587262,11.39728878
1254,7:04:51,-0.9715535,51.6824776,-0.97136667,51.68225993,31.29,31.4687963,27.42552254
1255,7:04:51,-0.97166719,51.68252953,-0.9715535,51.6824776,31.29,31.33098533,9.738213222
1256,7:04:51,-0.97180989,51.68263383,-0.97166719,51.68252953,31.29,31.14434882,15.21264533
1257,7:04:52,-0.971980655,51.68272921,-0.97180989,51.68263383,31.29,31.50395597,15.85015757
1258,7:04:52,-0.972180008,51.68285069,-0.971980655,51.68272921,31.29,31.42283746,19.27612989
1259,7:04:53,-0.972463928,51.68298952,-0.972180008,51.68285069,31.29,31.46020035,24.93597642
1260,7:04:54,-0.972564178,51.68310288,-0.972463928,51.68298952,31.29,31.21570919,14.37957555
1261,7:04:55,-0.972806371,51.6833031,-0.972564178,51.68310288,31.29,31.09635261,27.8369539
1262,7:04:55,-0.972891926,51.68338144,-0.972806371,51.6833031,31.29,31.14616983,10.5230297
1263,7:04:56,-0.973104582,51.68350293,-0.972891926,51.68338144,31.29,31.43034107,19.94139168
1264,7:04:56,-0.973302927,51.68361567,-0.973104582,51.68350293,31.29,31.35494521,18.55616569
1265,7:04:57,-0.973487456,51.68378096,-0.973302927,51.68361567,31.29,31.04825791,22.35899586
1266,7:04:58,-0.973729229,51.68397177,-0.973487456,51.68378096,31.29,31.52058458,26.98888221
1267,7:04:59,-0.97388639,51.6841455,-0.973729229,51.68397177,31.29,31.10102181,22.1551383
1268,7:04:59,-0.973986412,51.68425841,-0.97388639,51.6841455,31.29,31.08793709,14.32804753
1269,7:05:00,-0.974157242,51.6844058,-0.973986412,51.68425841,31.29,31.40238597,20.18733956
1270,7:05:00,-0.974384106,51.68453537,-0.974157242,51.6844058,31.29,31.2585506,21.27066824
1271,7:05:01,-0.974569012,51.68468262,-0.974384106,51.68453537,31.29,31.33440441,20.7564066
1272,7:05:02,-0.974740131,51.6848648,-0.974569012,51.68468262,31.29,31.16048588,23.44870826
1273,7:05:02,-0.974910791,51.68500334,-0.974740131,51.6848648,31.29,31.12502853,19.3892655
1274,7:05:03,-0.975039161,51.6851508,-0.974910791,51.68500334,31.29,31.28527221,18.63782041
1275,7:05:04,-0.975181917,51.6852982,-0.975039161,51.6851508,31.29,31.47017609,19.12318993
1276,7:05:04,-0.975281588,51.68537611,-0.975181917,51.6852982,31.29,31.10751673,11.06043014
1277,7:05:05,-0.975466998,51.68554073,-0.975281588,51.68537611,31.29,31.15902818,22.33220439
1278,7:05:05,-0.975652544,51.68571406,-0.975466998,51.68554073,31.29,31.35393277,23.13831187
1279,7:05:06,-0.975776495,51.68584293,-0.975652544,51.68571406,31.29,31.16011147,16.68870636
1280,7:05:07,-0.97600776,51.68605162,-0.975776495,51.68584293,31.29,31.15000679,28.16215859
1281,7:05:07,-0.976123399,51.68614735,-0.97600776,51.68605162,31.29,31.50310792,13.3026233
1282,7:05:08,-0.976251796,51.68625999,-0.976123399,51.68614735,31.29,31.16610938,15.34127002
1283,7:05:08,-0.976422907,51.68641594,-0.976251796,51.68625999,31.29,31.31866014,20.97847573
1284,7:05:09,-0.97653622,51.68652831,-0.976422907,51.68641594,31.29,31.51093262,14.73993291
1285,7:05:10,-0.976693322,51.686693,-0.97653622,51.68652831,31.29,31.33341775,21.28147197
1286,7:05:11,-0.976866276,51.68692764,-0.976693322,51.686693,31.29,31.42341776,28.69402084
1287,7:05:11,-0.97706478,51.68706577,-0.976866276,51.68692764,31.29,31.502395,20.57675747
1288,7:05:12,-0.977187172,51.68718207,-0.97706478,51.68706577,31.29,31.4708419,15.44528422
1289,7:05:12,-0.977353365,51.68735043,-0.977187172,51.68718207,31.29,31.44330216,21.95435586
1290,7:05:13,-0.977505435,51.68745756,-0.977353365,51.68735043,31.29,31.51046791,15.87258498
1291,7:05:13,-0.977569288,51.6875189,-0.977505435,51.68745756,31.29,31.53027235,8.119994627
1292,7:05:14,-0.97772304,51.68768012,-0.977569288,51.6875189,31.29,31.48011062,20.83155621
1293,7:05:14,-0.977788103,51.68778016,-0.97772304,51.68768012,31.29,31.25353203,11.99747976
1294,7:05:15,-0.977916565,51.68791862,-0.977788103,51.68778016,31.29,31.10643679,17.76615612
1295,7:05:15,-0.978021169,51.68806502,-0.977916565,51.68791862,31.29,31.13522561,17.80951524
1296,7:05:16,-0.978176314,51.68822688,-0.978021169,51.68806502,31.29,31.40707757,20.94170317
1297,7:05:16,-0.978228598,51.68834303,-0.978176314,51.68822688,31.29,31.19230956,13.41253646
1298,7:05:17,-0.9783574,51.68848985,-0.978228598,51.68834303,31.29,31.26283576,18.58911013
1299,7:05:18,-0.978499835,51.68865232,-0.9783574,51.68848985,31.29,31.13546872,20.56738997
1300,7:05:18,-0.978576871,51.68872189,-0.978499835,51.68865232,31.29,31.44813888,9.385772493
1301,7:05:19,-0.97874405,51.68887665,-0.978576871,51.68872189,31.29,31.14932348,20.71672929
1302,7:05:19,-0.97888693,51.68903958,-0.97874405,51.68887665,31.29,31.47378686,20.62695604
1303,7:05:20,-0.978966719,51.68917195,-0.97888693,51.68903958,31.29,31.31430603,15.7173633
1304,7:05:20,-0.979083791,51.68930414,-0.978966719,51.68917195,31.29,31.33100017,16.77323508
1305,7:05:21,-0.979238413,51.68946721,-0.979083791,51.68930414,31.29,31.16072851,21.03906794
1306,7:05:22,-0.979353658,51.68956802,-0.979238413,51.68946721,31.29,31.30532844,13.74297912
1307,7:05:22,-0.979515945,51.68968278,-0.979353658,51.68956802,31.29,31.45651875,16.97477106
1308,7:05:23,-0.979671881,51.68991667,-0.979515945,51.68968278,31.29,31.39368245,28.14908305
1309,7:05:24,-0.979839454,51.69009281,-0.979671881,51.68991667,31.29,31.1363883,22.74478615
1310,7:05:24,-0.979937627,51.69022749,-0.979839454,51.69009281,31.29,31.53223889,16.43836581
1311,7:05:25,-0.980064007,51.6904044,-0.979937627,51.69022749,31.29,31.29024879,21.52020598
1312,7:05:26,-0.98031351,51.69054669,-0.980064007,51.6904044,31.29,31.29567986,23.3757975
1313,7:05:26,-0.980399242,51.69069011,-0.98031351,51.69054669,31.29,31.39745348,17.01209319
1314,7:05:27,-0.980593076,51.69085865,-0.980399242,51.69069011,31.29,31.16229449,23.02246282
1315,7:05:27,-0.980665227,51.69096848,-0.980593076,51.69085865,31.29,31.42204549,13.19009992
1316,7:05:28,-0.98090123,51.69111993,-0.980665227,51.69096848,31.29,31.48030715,23.42110148
1317,7:05:29,-0.981042149,51.69125514,-0.98090123,51.69111993,31.29,31.30410432,17.90458649
1318,7:05:29,-0.981073114,51.69139112,-0.981042149,51.69125514,31.29,31.53694235,15.27449991
1319,7:05:30,-0.981211962,51.69150082,-0.981073114,51.69139112,31.29,31.06565615,15.50893858
1320,7:05:30,-0.981406191,51.69164419,-0.981211962,51.69150082,31.29,31.36922411,20.82383198
1321,7:05:31,-0.981531985,51.69179648,-0.981406191,51.69164419,31.29,31.31261649,19.03007957
1322,7:05:31,-0.981639466,51.69189346,-0.981531985,51.69179648,31.29,31.11426097,13.08704402
1323,7:05:32,-0.981749782,51.69200745,-0.981639466,51.69189346,31.29,31.23825846,14.78517324
1324,7:05:32,-0.981872276,51.69212884,-0.981749782,51.69200745,31.29,31.21788062,15.92568045
1325,7:05:33,-0.981989769,51.69225114,-0.981872276,51.69212884,31.29,31.26084235,15.83240294
1326,7:05:33,-0.982048263,51.6923182,-0.981989769,51.69225114,31.29,31.07981405,8.479353679
1327,7:05:33,-0.982106618,51.69237464,-0.982048263,51.6923182,31.29,31.07471012,7.456297331
1328,7:05:34,-0.982112587,51.69238881,-0.982106618,51.69237464,31.29,31.14541211,1.628922518
1329,7:05:34,-0.982188658,51.6924807,-0.982112587,51.69238881,31.29,31.37842311,11.48778479
1330,7:05:34,-0.982270106,51.69258674,-0.982188658,51.6924807,31.29,31.16023558,13.06306861
1331,7:05:35,-0.982351251,51.69267142,-0.982270106,51.69258674,31.29,31.53476541,10.95497727
1332,7:05:35,-0.982438061,51.69274894,-0.982351251,51.69267142,31.29,31.37923523,10.49604396
1333,7:05:35,-0.982524865,51.69280875,-0.982438061,51.69274894,31.29,31.0470272,8.948378873
1334,7:05:36,-0.982606166,51.6928828,-0.982524865,51.69280875,31.29,31.28440768,9.962811547
1335,7:05:36,-0.982687687,51.69297103,-0.982606166,51.6928828,31.29,31.33844536,11.3090996
1336,7:05:36,-0.982746034,51.69304166,-0.982687687,51.69297103,31.29,31.29782689,8.826008324
1337,7:05:37,-0.982827281,51.69311215,-0.982746034,51.69304166,31.29,31.41177318,9.63585838
1338,7:05:37,-0.982896968,51.69317562,-0.982827281,51.69311215,31.29,31.22839294,8.539420215
1339,7:05:37,-0.982972105,51.69322131,-0.982896968,51.69317562,31.29,31.31162901,7.256898978
1340,7:05:37,-0.983064966,51.69330238,-0.982972105,51.69322131,31.29,31.52551093,11.05888978
